,요양기관명,종별코드명,시군구코드명,주소,전화번호,병원홈페이지,좌표(X),좌표(Y)
0,살루스한의원,한의원,부산연제구,"부산광역시 연제구 거제천로87번길 20, 2층 (거제동)",051-861-2201,,129.1314178,35.1714366
1,살루스한의원,한의원,부산해운대구,"부산광역시 해운대구 센텀동로 25, 상가B동 236호 (우동, 대우월드마크센텀아파트)",051-741-2203,,129.1314178,35.1714366
2,태흥당한의원,한의원,부산해운대구,"부산광역시 해운대구 세실로 75, 일진빌딩 4층 402호 (좌동)",051-701-1075,,129.1767685,35.1712912
3,태흥당한의원,한의원,부산연제구,"부산광역시 연제구 아시아드대로 79, 2층 (거제동)",051-507-3345,,129.1767685,35.1712912
4,태흥당한의원,한의원,부산금정구,"부산광역시 금정구 구서로 7, 2층 (구서동)",051-715-9475,,129.1767685,35.1712912
5,태흥당한의원,한의원,부산사하구,"부산광역시 사하구 낙동남로 1414, 삼영빌딩 2,3층 (하단동)",051-291-9188,,129.1767685,35.1712912
6,태흥당한의원,한의원,부산진구,"부산광역시 부산진구 중앙대로 808, 3층 (전포동, 금정빌딩)",051-714-1393,,129.1767685,35.1712912
7,더힘찬한의원,한의원,부산진구,"부산광역시 부산진구 시민공원로19번길 7, 3층 (부암동)",051-715-8600,,129.1759075,35.1724315
8,더힘찬한의원,한의원,부산해운대구,"부산광역시 해운대구 좌동로 98, 디베르비타 301호 (좌동)",051-703-1075,,129.1759075,35.1724315
9,더힘찬한의원,한의원,부산금정구,"부산광역시 금정구 구서로 14, 태명제1빌딩 2층 (구서동)",051-714-1358,,129.1759075,35.1724315
10,청담플러스의원,의원,부산해운대구,"부산광역시 해운대구 중동2로 16, 해운대온천센터 2층 일부호 (중동)",051-747-5647,,129.164556,35.1634328
11,마린한의원,한의원,부산해운대구,"부산광역시 해운대구 마린시티2로 2, 마린파크 714~5호 (우동)",051-747-5421,,129.1442096,35.15934
12,화이트이치과의원,치과의원,부산진구,"부산광역시 부산진구 중앙대로 694, 쥬디스태화 5층 501일부호 (부전동)",,,129.17504,35.1727024
13,화이트이치과의원,치과의원,부산해운대구,"부산광역시 해운대구 좌동로 93, 해운대농협 3층 (좌동)",051-710-2882,,129.17504,35.1727024
14,화이트이치과의원,치과의원,부산북구,"부산광역시 북구 만덕대로 11-1, 1, 2층 (덕천동)",051-710-2820,,129.17504,35.1727024
15,밝은마음병원,정신병원,부산해운대구,"부산광역시 해운대구 해운대로 575, 2~5층 (우동, 국제빌딩)",051-746-7272,,129.1543774,35.1615007
16,해운대센트럴내과의원,의원,부산해운대구,"부산광역시 해운대구 해운대로 650, 201동 301호 (우동)",051-714-0075,,129.1612447,35.164601
17,강정신건강의학과의원,의원,부산해운대구,"부산광역시 해운대구 양운로 82, 801호 (좌동, 화인크리닉)",051-701-2772,,129.1755732,35.1704651
18,강정신건강의학과의원,의원,부산진구,"부산광역시 부산진구 동평로 422, 6층 (양정동)",051-717-3886,,129.1755732,35.1704651
19,박혜경내과의원,의원,부산해운대구,"부산광역시 해운대구 센텀2로 10, 702호 (우동, 센텀메디컬센터)",051-731-7400,,129.1315304,35.1678325
20,해운대성심요양병원,요양병원,부산해운대구,"부산광역시 해운대구 좌동순환로 462, 지하1층-지상7층 (중동, 성심병원)",051-743-5555,,129.1719387,35.1622486
21,의료법인에벤에셀의료재단 아름다운요양병원,요양병원,부산해운대구,"부산광역시 해운대구 해운대로61번길 47, (재송동)",051-782-7400,,129.1240795,35.193865
22,아름다운피부과의원,의원,부산남구,"부산광역시 남구 분포로 115, 힐탑탑플레이스 A동 202호 (용호동)",051-863-0075,,129.1766569,35.1691635
23,아름다운피부과의원,의원,부산사하구,"부산광역시 사하구 낙동대로 466, 5층 (하단동, 하단오피스)",051-204-8114,,129.1766569,35.1691635
24,아름다운피부과의원,의원,부산연제구,"부산광역시 연제구 월드컵대로 128, 행복한메디컬센타 4~5층 (연산동)",051-863-0655,,129.1766569,35.1691635
25,아름다운피부과의원,의원,부산해운대구,"부산광역시 해운대구 해운대로 802, 313호 (좌동, 웅신시네아트)",051-702-8575,,129.1766569,35.1691635
26,아름다운피부과의원,의원,부산기장군,"부산광역시 기장군 정관면 정관로 561, (정관읍)",051-728-8275,,129.1766569,35.1691635
27,누리사랑외과소아청소년과의원,의원,부산해운대구,"부산광역시 해운대구 해운대로 415, 3층 (우동)",051-747-7550,,129.1411817,35.1669113
28,좋은의원,의원,부산해운대구,"부산광역시 해운대구 아랫반송로 57, 2층 (반송동)",051-543-0360,,129.1509433,35.222804
29,오라클피부과의원,의원,부산해운대구,"부산광역시 해운대구 마린시티2로 33, 104동 724~728호 (우동, 제니스)",051-714-5502,,129.145091,35.156667
30,오라클피부과의원,의원,부산진구,"부산광역시 부산진구 가야대로 784, 9층 (부전동, A플러스메디컬센터)",051-802-8759,,129.145091,35.156667
31,연세엘스의원,의원,부산해운대구,"부산광역시 해운대구 구남로29번길 32, 4층 (중동)",051-702-0059,,129.1621275,35.1623863
32,척바른의원,의원,부산해운대구,"부산광역시 해운대구 재반로 80-1, 2층 (재송동)",051-784-7577,,129.125857,35.1858169
33,뮬피부과의원,의원,부산해운대구,"부산광역시 해운대구 센텀동로 26, B동 201-1호 (우동, 한화꿈에그린센텀)",051-907-2233,,129.132543,35.1720426
34,바로그의원,의원,부산북구,"부산광역시 북구 만덕대로 24, 국민은행 덕천동지점 4층 (덕천동)",051-343-2255,,129.1757451,35.168815
35,바로그의원,의원,부산해운대구,"부산광역시 해운대구 해운대로 794, 엘리움 703호 (좌동)",051-715-8022,,129.1757451,35.168815
36,바로그의원,의원,부산진구,"부산광역시 부산진구 중앙대로691번길 9, 2,3층 (부전동)",051-804-4433,,129.1757451,35.168815
37,바로그의원,의원,부산사하구,"부산광역시 사하구 낙동남로 1412, 경부빌딩 9층 (하단동)",051-202-8272,,129.1757451,35.168815
38,데르마피부과의원,의원,부산해운대구,"부산광역시 해운대구 해운대로 415, 8층 (우동)",051-711-9668,,129.1411817,35.1669113
39,그레이스피부과의원,의원,부산해운대구,"부산광역시 해운대구 좌동순환로 6, L TOWER 10층 (중동)",051-710-1891,,129.1680556,35.1672265
40,당신이소중한치과의원,치과의원,부산해운대구,"부산광역시 해운대구 마린시티2로 33, 104동 729~731호 (우동, 해운대두산위브더제니스)",051-744-2877,,129.145091,35.156667
41,베스트피부과의원,의원,부산해운대구,"부산광역시 해운대구 해운대로 814, 세종월드프라자 603호 일부호 (좌동)",051-701-3330,,129.1776778,35.1695768
42,해운대자생한방병원,한방병원,부산해운대구,"부산광역시 해운대구 해운대로 793, 해운대자생한방병원 (좌동)",051-791-5104,,129.1753321,35.1695324
43,백평한의원,한의원,부산해운대구,"부산광역시 해운대구 윗반송로 64, 지하1층 (반송동)",051-545-1100,,129.1564768,35.2297438
44,수한의원,한의원,부산해운대구,"부산광역시 해운대구 좌동순환로 174, 거성빌딩 403호 (좌동)",051-853-8275,,129.1750479,35.1776265
45,수한의원,한의원,부산진구,"부산광역시 부산진구 서전로 25, (전포동, 이오스프라자302호)",051-852-1079,,129.1750479,35.1776265
46,수한의원,한의원,부산사하구,"부산광역시 사하구 다대로554번길 10, 2층 (다대동)",051-262-0075,,129.1750479,35.1776265
47,수한의원,한의원,부산연제구,"부산광역시 연제구 과정로 140, 2층 (연산동)",051-752-7575,,129.1750479,35.1776265
48,금호한의원,한의원,부산해운대구,"부산광역시 해운대구 재반로 79, 1층 (재송동)",051-781-0965,,129.12565,35.1854419
49,코코한의원,한의원,부산해운대구,"부산광역시 해운대구 해운대로 802, 315호 (좌동, 웅신시네아트)",051-702-8253,,129.1766569,35.1691635
50,소마한의원,한의원,부산해운대구,"부산광역시 해운대구 해운대로 620, 해운대 라뮤에뜨 227호 (우동)",051-784-7637,,129.1584586,35.1629713
51,진한의원,한의원,부산금정구,"부산광역시 금정구 온천장로125번길 6, (장전동, 영승빌딩202호)",051-518-1275,http://www.thenabee.com,129.1757451,35.168815
52,진한의원,한의원,부산북구,"부산광역시 북구 효열로 222, 3층 (금곡동, 화목빌딩)",051-363-5453,http://www.thenabee.com,129.1757451,35.168815
53,진한의원,한의원,부산해운대구,"부산광역시 해운대구 해운대로 794, 601호 (좌동, 삼정엘리움)",051-714-0040,http://www.thenabee.com,129.1757451,35.168815
54,약동한의원,한의원,부산해운대구,"부산광역시 해운대구 해운대로 814, 세종월드프라자 601-3, 601-4호 (좌동)",051-704-1500,,129.1776778,35.1695768
55,센텀시티의원,의원,부산해운대구,"부산광역시 해운대구 센텀중앙로 145, 상가7동 103-2호 (재송동, 더샵센텀파크1차아파트)",051-926-1100,,129.1219424,35.1788329
56,두드림정형외과의원,의원,부산해운대구,"부산광역시 해운대구 세실로 43, 경동코아 2층 (좌동)",051-702-8788,,129.17845,35.1687646
57,리안성모안과의원,의원,부산해운대구,"부산광역시 해운대구 해운대로 650, 201동 401호 (우동)",051-715-7766,http://leeahneye.com/,129.1613426,35.1646577
58,유디해운대치과의원,치과의원,부산해운대구,"부산광역시 해운대구 해운대해변로298번길 24, (중동, 팔레드시즈 22,23,25,26)",051-743-2825,,129.1666037,35.1602157
59,다담한의원,한의원,부산해운대구,"부산광역시 해운대구 재반로 200-1, 2층 (반여동)",051-783-1075,,129.1308324,35.1951307
60,다정의원,의원,부산해운대구,"부산광역시 해운대구 아랫반송로 25-1, 2~3층 (반송동)",051-544-3636,,129.1488967,35.2249677
61,이노의원,의원,부산해운대구,"부산광역시 해운대구 해운대로 620, 해운대 라뮤에뜨 305호~309호 (우동)",051-968-2828,,129.1584586,35.1629713
62,약손한의원,한의원,부산영도구,"부산광역시 영도구 동삼로 23, 2층 (동삼동)",051-405-7501,,129.1211765,35.19028
63,약손한의원,한의원,부산남구,"부산광역시 남구 분포로 61, 빌리브센트로 A215~A217호 (용호동)",051-621-7501,,129.1211765,35.19028
64,약손한의원,한의원,부산해운대구,"부산광역시 해운대구 해운대로81번길 12, 2층 (재송동)",051-543-0102,,129.1211765,35.19028
65,약손한의원,한의원,부산동래구,"부산광역시 동래구 아시아드대로 225, (온천동)",051-501-0800,,129.1211765,35.19028
66,어썸치과의원,치과의원,부산해운대구,"부산광역시 해운대구 센텀남대로 50, 센템임페리얼타워 902호 (우동)",051-741-2875,,129.1313001,35.1681037
67,삼성리한여성의원,의원,부산해운대구,"부산광역시 해운대구 해운대로 802, 웅신시네아트 B동 203호 (좌동)",051-929-0100,,129.1766569,35.1691635
68,설상훈심사랑내과의원,의원,부산해운대구,"부산광역시 해운대구 해운대로 814, 세종월드프라자 B동 526호, 527호 일부호 (좌동)",051-715-3088,,129.1776778,35.1695768
69,센텀아이피엠의원,의원,부산해운대구,"부산광역시 해운대구 센텀중앙로 48, 에이스하이테크21 310~311호 (우동)",051-744-5321,,129.1299025,35.1730231
70,태극한의원,한의원,부산해운대구,"부산광역시 해운대구 우동1로 75, (우동)",051-741-7625,,129.1568884,35.1680141
71,해운대센텀이비인후과의원,의원,부산해운대구,"부산광역시 해운대구 해운대로 369, 8층 (우동, 해운대센텀메디칼센타)",051-747-6700,http://www.ent21.co.kr,129.1377353,35.1702057
72,반송쾌한의원,한의원,부산해운대구,"부산광역시 해운대구 신반송로 208, 2층 (반송동)",051-545-2518,,129.1575904,35.2307114
73,금강치과의원,치과의원,부산서구,"부산광역시 서구 대영로 50, 2층 (서대신동1가)",051-241-6316,,129.1832772,35.1691765
74,금강치과의원,치과의원,부산해운대구,"부산광역시 해운대구 좌동순환로 301, 201호 (좌동)",051-704-2875,,129.1832772,35.1691765
75,문훈치과의원,치과의원,부산해운대구,"부산광역시 해운대구 재반로 253-1, (반여동)",051-781-9917,,129.1312945,35.1999915
76,사랑모아치과의원,치과의원,부산해운대구,"부산광역시 해운대구 해운대로 802, 웅신시네아트 2층 210호 (좌동)",051-702-2080,,129.1766569,35.1691635
77,웨이브치과의원,치과의원,부산해운대구,"부산광역시 해운대구 재반로 80-1, 3층 (재송동)",051-783-2860,,129.125857,35.1858169
78,센텀태흥당한의원,한의원,부산해운대구,"부산광역시 해운대구 센텀2로 28, 2층 202호 (우동)",051-711-9975,,129.1327004,35.1663585
79,재생플란트치과의원,치과의원,부산해운대구,"부산광역시 해운대구 센텀2로 25, 센텀드림월드 203호 (우동)",051-747-2804,,129.132947,35.1669544
80,e-청담한의원,한의원,부산해운대구,"부산광역시 해운대구 좌동순환로 181, 3층 (좌동, 진성빌딩)",051-701-5559,,129.1760224,35.1779775
81,가온누리한의원,한의원,부산해운대구,"부산광역시 해운대구 센텀2로 29, 701-1호 (우동, 센텀메커스빌딩)",051-808-2575,,129.133197,35.1666656
82,선한한의원,한의원,부산해운대구,"부산광역시 해운대구 청사포로 16, 201호 (좌동)",051-702-1075,,129.1837505,35.1662548
83,한미치과의원,치과의원,부산사하구,"부산광역시 사하구 낙동대로 413, 109,110호 (하단동)",051-711-2975,,129.1183779,35.1988013
84,한미치과의원,치과의원,부산해운대구,"부산광역시 해운대구 선수촌로 55, (반여동)",051-524-2875,,129.1183779,35.1988013
85,산사나무한의원,한의원,부산해운대구,"부산광역시 해운대구 세실로 33, 301호 (좌동)",051-704-3475,,129.1789577,35.168018
86,유진한의원,한의원,부산사하구,"부산광역시 사하구 낙동대로 201, 2층 (괴정동)",051-201-1222,,129.1632532,35.1625515
87,유진한의원,한의원,부산해운대구,"부산광역시 해운대구 중동1로 33-1, 2층 (중동)",051-747-7234,,129.1632532,35.1625515
88,온누리한의원,한의원,부산해운대구,"부산광역시 해운대구 해운대로 369, 해운대센텀메디칼센터 2층 일부호 (우동)",051-742-7555,,129.1377353,35.1702057
89,호호미한의원,한의원,부산해운대구,"부산광역시 해운대구 선수촌로 89-1, 3층 (반여동)",051-715-5505,,129.1191357,35.2018129
90,미앤미의원,의원,부산진구,"부산광역시 부산진구 서면로 50, 2층 (부전동)",051-807-1175,,129.1325792,35.1674411
91,미앤미의원,의원,부산해운대구,"부산광역시 해운대구 센텀2로 19, 센텀코아 702호 (우동)",051-743-1171,,129.1325792,35.1674411
92,센트럴성모안과의원,의원,부산해운대구,"부산광역시 해운대구 해운대로 814, 세종월드프라자 A동 501-2호 (좌동)",051-701-5111,,129.1776778,35.1695768
93,예인치과의원,치과의원,부산해운대구,"부산광역시 해운대구 중동2로 16, 3층 (중동, 해운대온천센타)",051-746-6221,,129.164556,35.1634328
94,예인치과의원,치과의원,부산금정구,"부산광역시 금정구 부산대학로 23, 5,6층 (장전동)",051-514-2829,,129.164556,35.1634328
95,예인치과의원,치과의원,부산진구,"부산광역시 부산진구 성지로 75, (초읍동)",051-818-2877,,129.164556,35.1634328
96,리즈의원,의원,부산해운대구,"부산광역시 해운대구 센텀2로 25, 센텀드림월드 302호 (우동)",051-715-8228,,129.132947,35.1669544
97,해원산부인과의원,의원,부산해운대구,"부산광역시 해운대구 운봉길 3, (반송동)",051-545-1217,,129.1490762,35.2303455
98,킴스피부과의원,의원,부산서구,"부산광역시 서구 대영로 54, 5층 (서대신동1가)",051-246-9999,,129.1315304,35.1678325
99,킴스피부과의원,의원,부산해운대구,"부산광역시 해운대구 센텀2로 10, 1001호 (우동, 센텀메디컬센터)",051-747-9699,,129.1315304,35.1678325
100,킴스피부과의원,의원,부산남구,"부산광역시 남구 수영로 297, 8층 (대연동, 텔콤빌딩)",051-611-9999,,129.1315304,35.1678325
101,치아발전소치과의원,치과의원,부산해운대구,"부산광역시 해운대구 해운대로 802, 웅신시네아트 5층 501,502호 (좌동)",051-711-0428,,129.1766569,35.1691635
102,함께하는치과의원,치과의원,부산해운대구,"부산광역시 해운대구 마린시티2로 33, 104동 428호 (우동, 해운대두산위브더제니스)",051-747-2822,http://friendsdental.co.kr,129.145091,35.156667
103,센텀코어의원,의원,부산해운대구,"부산광역시 해운대구 마린시티2로 38, 업무동 301호~302호,320호~322호 (우동, 해운대아이파크)",051-920-7799,,129.1425875,35.1565821
104,세지한의원,한의원,부산해운대구,"부산광역시 해운대구 양운로 98, 대하프라자 702호 (좌동)",051-741-7597,,129.1748353,35.1716411
105,센텀도담외과의원,의원,부산해운대구,"부산광역시 해운대구 센텀2로 10, 센텀메디컬센타 10층 1001호 일부호 (우동)",051-954-2000,,129.1315304,35.1678325
106,세진한의원,한의원,부산해운대구,"부산광역시 해운대구 재반로 111, (재송동)",051-781-0983,,129.1261939,35.1883111
107,김민수비뇨기과의원,의원,부산해운대구,"부산광역시 해운대구 해운대로61번길 106, 2층 (반여동)",051-782-9565,,129.129863,35.1946582
108,엘리움병원,병원,부산해운대구,"부산광역시 해운대구 해운대로 794, 7~8층 (좌동, 삼정엘리움)",051-791-1006,,129.1757451,35.168815
109,해운대산부인과의원,의원,부산해운대구,"부산광역시 해운대구 중동1로 30, (중동)",051-746-0052,,129.1625615,35.1626074
110,미소요양병원,요양병원,부산해운대구,"부산광역시 해운대구 아랫반송로6번길 37, (반송동)",051-543-9100,,129.1464996,35.2246667
111,김상민이비인후과의원,의원,부산해운대구,"부산광역시 해운대구 재반로 82, 3층 (재송동, 김상민이비인후과의원)",051-782-2656,,129.1257818,35.1860019
112,고운피부과의원,의원,부산해운대구,"부산광역시 해운대구 구남로29번길 26, 2층 (중동)",051-746-0243,,129.1619558,35.1622657
113,고운피부과의원,의원,부산진구,"부산광역시 부산진구 가야대로 767-1, 원광메디컬센터 7층 (부전동)",051-809-7575,,129.1619558,35.1622657
114,고운피부과의원,의원,부산영도구,"부산광역시 영도구 태종로 102, (대교동2가)",051-415-4001,,129.1619558,35.1622657
115,고운피부과의원,의원,부산동래구,"부산광역시 동래구 동래로 25, 8층 (온천동)",558-9001,,129.1619558,35.1622657
116,최가정의학과의원,의원,부산해운대구,"부산광역시 해운대구 재반로 248, 2층 (반여동)",051-783-9170,,129.131566,35.1992916
117,손영찬정형외과의원,의원,부산해운대구,"부산광역시 해운대구 좌동순환로 173, 7층 (좌동, 영풍프라자)",051-703-0017,,129.1752749,35.1781714
118,지창하비뇨기과의원,의원,부산해운대구,"부산광역시 해운대구 좌동순환로 174, 302호 (좌동, 거성프라자)",051-702-2017,,129.1750479,35.1776265
119,권순완소아청소년과의원,의원,부산해운대구,"부산광역시 해운대구 선수촌로 94, 201호 (반여동, 대룡빌딩)",051-528-6914,,129.1195631,35.2021038
120,마린안과의원,의원,부산해운대구,"부산광역시 해운대구 마린시티2로 2, 707~9호 (우동, 마린파크)",051-747-0979,http://www.홍인안과.kr,129.1442096,35.15934
121,길맥흉부외과의원,의원,부산해운대구,"부산광역시 해운대구 센텀남대로 50, 1502호 (우동)",051-754-9975,,129.1313001,35.1681037
122,굿모닝가정의원,의원,부산해운대구,"부산광역시 해운대구 재반로165번길 112, (재송동)",051-783-1988,,129.1243773,35.1914309
123,참조은내과의원,의원,부산연제구,"부산광역시 연제구 거제천로 89, 3층 (거제동)",051-851-7530,,129.1257818,35.1860019
124,참조은내과의원,의원,부산해운대구,"부산광역시 해운대구 재반로 82, (재송동, 장안빌딩 1층)",051-781-1080,,129.1257818,35.1860019
125,참조은내과의원,의원,부산북구,"부산광역시 북구 금곡대로 432, 4층 (금곡동)",051-714-7119,,129.1257818,35.1860019
126,바른정내과의원,의원,부산해운대구,"부산광역시 해운대구 선수촌로 7, 201,301,601호 (반여동, 반여메디컬센터)",051-528-3400,http://barum.drline.net,129.1185159,35.1944837
127,센텀외과의원,의원,부산해운대구,"부산광역시 해운대구 해운대로 407, 301호 (우동, 신세계프라자)",051-704-7222,,129.1406828,35.1678259
128,천리안안과의원,의원,부산해운대구,"부산광역시 해운대구 재반로 199, 2층 (반여동, 새아빌딩)",051-781-7575,,129.1304705,35.1951003
129,제이영의원,의원,부산해운대구,"부산광역시 해운대구 좌동순환로 505, 센트럴메디타워 9층 902~904호 (중동)",051-731-0075,,129.1682073,35.165667
130,수정형외과의원,의원,부산해운대구,"부산광역시 해운대구 해운대로 415, 5층 (우동)",051-711-7582,,129.1411817,35.1669113
131,서앤장센텀내과의원,의원,부산해운대구,"부산광역시 해운대구 해운대로 365, 301,401호 (우동)",051-715-1570,,129.1374368,35.1704318
132,태성형외과의원,의원,부산해운대구,"부산광역시 해운대구 구남로 27, 4층 (중동, 해운대오피스)",051-746-7004,http://pstae.co.kr,129.1608933,35.1617604
133,삼성제일산부인과의원,의원,부산해운대구,"부산광역시 해운대구 해운대로 369, 5층 (우동, 해운대센텀메디칼센타)",051-747-3999,,129.1377353,35.1702057
134,나래마취통증의학과의원,의원,부산해운대구,"부산광역시 해운대구 좌동순환로 505, 센트럴메디타워 505~508호 (중동)",051-701-5151,,129.1682073,35.165667
135,청담헤아린의원,의원,부산해운대구,"부산광역시 해운대구 센텀동로 9, 217-218호 (우동, 트럼프월드센텀아파트)",051-747-3111,,129.1324214,35.1703962
136,미시간치과의원,치과의원,부산해운대구,"부산광역시 해운대구 재반로 82, 2층 (재송동, 장안빌딩)",051-782-0075,,129.1257818,35.1860019
137,미시간치과의원,치과의원,부산해운대구,"부산광역시 해운대구 재반로 82, 2층 (재송동, 장안빌딩)",051-782-0075,,129.1750479,35.1776265
138,미시간치과의원,치과의원,부산사하구,"부산광역시 사하구 낙동대로 158, (괴정동)",051-206-1750,,129.1257818,35.1860019
139,미시간치과의원,치과의원,부산사하구,"부산광역시 사하구 낙동대로 158, (괴정동)",051-206-1750,,129.1750479,35.1776265
140,미시간치과의원,치과의원,부산연제구,"부산광역시 연제구 중앙대로 1111, 위드타워 5층 (연산동)",051-851-7528,,129.1257818,35.1860019
141,미시간치과의원,치과의원,부산연제구,"부산광역시 연제구 중앙대로 1111, 위드타워 5층 (연산동)",051-851-7528,,129.1750479,35.1776265
142,미시간치과의원,치과의원,부산해운대구,"부산광역시 해운대구 좌동순환로 174, 지하1층 (좌동, 거성플라자 )",702-0220,,129.1257818,35.1860019
143,미시간치과의원,치과의원,부산해운대구,"부산광역시 해운대구 좌동순환로 174, 지하1층 (좌동, 거성플라자 )",702-0220,,129.1750479,35.1776265
144,미시간치과의원,치과의원,부산진구,"부산광역시 부산진구 대학로 3, 세화빌딩 2층 202호 (가야동)",051-897-2283,,129.1257818,35.1860019
145,미시간치과의원,치과의원,부산진구,"부산광역시 부산진구 대학로 3, 세화빌딩 2층 202호 (가야동)",051-897-2283,,129.1750479,35.1776265
146,윤치과의원,치과의원,부산사하구,"부산광역시 사하구 신산로 197, 3층 (신평동)",051-206-4005,,129.1618749,35.1650706
147,윤치과의원,치과의원,부산금정구,"부산광역시 금정구 부곡로 112, 2층 (부곡동)",051-516-2882,,129.1618749,35.1650706
148,윤치과의원,치과의원,부산진구,"부산광역시 부산진구 새싹로 208, 3층 일부층 (초읍동)",051-791-2800,,129.1618749,35.1650706
149,윤치과의원,치과의원,부산남구,"부산광역시 남구 고동골로78번길 12, 3층 (문현동)",051-645-2875,,129.1618749,35.1650706
150,윤치과의원,치과의원,부산해운대구,"부산광역시 해운대구 해운대로 652, (우동)",051-742-3525,,129.1618749,35.1650706
151,오치과의원,치과의원,부산해운대구,"부산광역시 해운대구 중동1로19번길 15, (중동)",051-746-1216,,129.1625218,35.1637051
152,내츄럴치과의원,치과의원,부산해운대구,"부산광역시 해운대구 마린시티3로 23, (우동, 벽산e오렌지프라자)",051-731-2575,,129.1469306,35.1566471
153,동남치과의원,치과의원,부산사하구,"부산광역시 사하구 감천로 38, 101동 2층 (감천동, 감천현대아파트 상가)",051-202-1622,,129.1569856,35.1622907
154,동남치과의원,치과의원,부산해운대구,"부산광역시 해운대구 해운대로 600, 3층 (우동)",051-741-9275,,129.1569856,35.1622907
155,스마트치과의원,치과의원,부산해운대구,"부산광역시 해운대구 선수촌로 109-1, 아시아드몰401층 (반여동)",051-527-2879,http://www.smart-dentalclinic.com/,129.119628,35.2036219
156,반석치과의원,치과의원,부산해운대구,"부산광역시 해운대구 선수촌로 101, 4층 (반여동)",051-528-0028,,129.1192416,35.2027792
157,제이케이로마치과의원,치과의원,부산해운대구,"부산광역시 해운대구 해운대로 802, 웅신시네아트 A동 317호 (좌동)",051-703-2323,,129.1766569,35.1691635
158,아이비치과의원,치과의원,부산해운대구,"부산광역시 해운대구 좌동순환로 307-1, 3층 (좌동, 한창플라자)",051-702-2727,,129.1832297,35.1685422
159,아이비치과의원,치과의원,부산남구,"부산광역시 남구 석포로 128, 2층 (대연동)",051-506-2875,,129.1832297,35.1685422
160,센텀오딧세이치과의원,치과의원,부산해운대구,"부산광역시 해운대구 해운대로 369, 9,10층 (우동, 해운대센텀메디칼센터)",051-743-2080,,129.1377353,35.1702057
161,뷰티플란트치과의원,치과의원,부산남구,"부산광역시 남구 수영로 169, 5층 501호 (대연동)",051-715-2879,,129.1297651,35.1930393
162,뷰티플란트치과의원,치과의원,부산동래구,"부산광역시 동래구 아시아드대로 142, 사직빌딩 5층 (사직동)",051-791-1151,,129.1297651,35.1930393
163,뷰티플란트치과의원,치과의원,부산연제구,"부산광역시 연제구 중앙천로 93, 서호병원 5층 (연산동)",051-982-2222,,129.1297651,35.1930393
164,뷰티플란트치과의원,치과의원,부산해운대구,"부산광역시 해운대구 재반로 176, 302호 (재송동, 미진상가)",051-715-2828,,129.1297651,35.1930393
165,뷰티플란트치과의원,치과의원,부산서구,"부산광역시 서구 구덕로 224, 4층 (부민동1가, 스카이파크빌딩)",245-7928,,129.1297651,35.1930393
166,365동백한의원,한의원,부산해운대구,"부산광역시 해운대구 해운대로 663, 에이동 209호 (우동, 해운대비스타동원)",051-711-7588,,129.1621496,35.1660123
167,동의사랑한의원,한의원,부산해운대구,"부산광역시 해운대구 재반로 81-10, 2층 (재송동)",051-783-8875,,129.1249425,35.1860662
168,목화한의원,한의원,부산해운대구,"부산광역시 해운대구 좌동순환로 301, 금강빌딩 3층 (좌동)",051-701-1525,,129.1832772,35.1691765
169,경세민한의원,한의원,부산해운대구,"부산광역시 해운대구 해운대로 814, A동 2층 (좌동, 세종월드프라자)",051-701-3100,http://www.pibro.co.kr/hud,129.1776778,35.1695768
170,더블유에스치과병원,치과병원,부산해운대구,"부산광역시 해운대구 좌동순환로 6, 5층및 6층일부층 (중동)",051-703-7585,,129.1680556,35.1672265
171,리젠재활의학과의원,의원,부산해운대구,"부산광역시 해운대구 해운대로 413, 3~4층 (우동)",051-715-1661,,129.1409576,35.1671171
172,참조은치과의원,치과의원,부산해운대구,"부산광역시 해운대구 중동1로 31, 2층 (중동)",051-741-3210,,129.1628786,35.1628065
173,참조은치과의원,치과의원,부산진구,"부산광역시 부산진구 엄광로 33, (개금동)",051-892-2220,,129.1628786,35.1628065
174,참조은치과의원,치과의원,부산금정구,"부산광역시 금정구 중앙대로1841번길 23, 5층 (구서동)",051-515-2875,,129.1628786,35.1628065
175,굿모닝치과의원,치과의원,부산기장군,"부산광역시 기장군 기장읍 차성동로 69, 2층 (신성빌딩)",051-722-3434,,129.1757451,35.168815
176,굿모닝치과의원,치과의원,부산동래구,"부산광역시 동래구 중앙대로 1319, 4층 (온천동)",051-555-2804,,129.1757451,35.168815
177,굿모닝치과의원,치과의원,부산해운대구,"부산광역시 해운대구 해운대로 794, 엘리움 401호 (좌동)",930-0930,,129.1757451,35.168815
178,굿모닝치과의원,치과의원,부산금정구,"부산광역시 금정구 중앙대로 1723, 2층 (부곡동)",051-517-2833,,129.1757451,35.168815
179,굿모닝치과의원,치과의원,부산사하구,"부산광역시 사하구 낙동대로 452, 2층 (당리동)",051-201-3988,,129.1757451,35.168815
180,굿모닝치과의원,치과의원,부산동구,"부산광역시 동구 중앙대로 375, (수정동)",051-466-5580,,129.1757451,35.168815
181,굿모닝치과의원,치과의원,부산진구,"부산광역시 부산진구 중앙대로 932, (양정동)",051-868-8275,,129.1757451,35.168815
182,바람케이의원,의원,부산해운대구,"부산광역시 해운대구 해운대해변로 287, 씨클라우드 302-1호 303호 일부호 (중동)",051-731-7577,,129.1621842,35.1604522
183,임페리어의원,의원,부산해운대구,"부산광역시 해운대구 해운대해변로 163, (우동, 현대베네시티아파트)",051-1577-6346,,129.1505161,35.1585366
184,오아스한의원,한의원,부산해운대구,"부산광역시 해운대구 해운대해변로 353, 3층 306호 (중동)",051-747-1688,,129.1683423,35.1640264
185,연세메디컬의원,의원,부산해운대구,"부산광역시 해운대구 해운대해변로 163, 상가동 201,202호 (우동, 현대베네시티아파트)",051-743-2328,,129.1505161,35.1585366
186,부산뽀빠이정형외과의원,의원,부산해운대구,"부산광역시 해운대구 센텀2로 20, 403호 (우동, 센텀타워메디컬)",051-747-5003,,129.1320258,35.1671978
187,디엘의원,의원,부산해운대구,"부산광역시 해운대구 센텀2로 15, 1001호 (우동, 센텀브라이빌딩)",051-715-2874,http://www.bfdm.co.kr/,129.1323537,35.1677016
188,미다스의원,의원,부산해운대구,"부산광역시 해운대구 센텀2로 20, 803호 (우동, 센텀타워메디컬)",1588-3019,,129.1320258,35.1671978
189,365엠씨람스에스씨의원,의원,부산해운대구,"부산광역시 해운대구 센텀2로 20, 센텀타워메디컬 1403호 (우동)",1577-3653,,129.1320258,35.1671978
190,부산제일의원,의원,부산북구,"부산광역시 북구 구남로14번길 68, (구포동)",051-341-9489,,129.1309467,35.1979414
191,부산제일의원,의원,부산해운대구,"부산광역시 해운대구 재반로 231, (반여동)",051-782-2661,,129.1309467,35.1979414
192,오이비인후과의원,의원,부산해운대구,"부산광역시 해운대구 좌동순환로 307-1, 202호 (좌동, 한창프라자)",051-703-5200,,129.1832297,35.1685422
193,해월씨에스의원,의원,부산해운대구,"부산광역시 해운대구 달맞이길 227, 2,3,4층 (중동)",051-710-7090,,129.1840298,35.160865
194,자기치아살리기드림플란트치과의원,치과의원,부산해운대구,"부산광역시 해운대구 달맞이길 135, (중동)",051-741-7528,,129.1773915,35.156815
195,화인마취통증의학과의원,의원,부산진구,"부산광역시 부산진구 가야대로 769, ABC메디컬센터 5층 (부전동)",051-805-1919,,129.1313001,35.1681037
196,화인마취통증의학과의원,의원,부산사하구,"부산광역시 사하구 낙동남로 1412, 경부빌딩 6층 (하단동)",051-717-3711,,129.1313001,35.1681037
197,화인마취통증의학과의원,의원,부산해운대구,"부산광역시 해운대구 센텀남대로 50, 센템임페리얼타워빌딩 A202호 일부호 (우동)",051-743-1119,,129.1313001,35.1681037
198,자연과한의원,한의원,부산진구,"부산광역시 부산진구 가야대로 781-1, 6층 (부전동)",051-802-3004,,129.132947,35.1669544
199,자연과한의원,한의원,부산해운대구,"부산광역시 해운대구 센텀2로 25, 1001호 (우동, 센텀드림월드)",051-731-4001,,129.132947,35.1669544
200,유피성형외과의원,의원,부산해운대구,"부산광역시 해운대구 세실로 75, 일진빌딩 502호 (좌동)",051-701-2100,,129.1767685,35.1712912
201,라임소아청소년과의원,의원,부산해운대구,"부산광역시 해운대구 마린시티2로 2, 706호 (우동, 마린파크)",051-747-9111,,129.1442096,35.15934
202,한음한방신경정신과한의원,한의원,부산진구,"부산광역시 부산진구 가야대로 785, B동 9층 903호 (부전동, 성영빌딩)",051-806-7510,,129.1329585,35.1678901
203,한음한방신경정신과한의원,한의원,부산해운대구,"부산광역시 해운대구 센텀3로 20, 벡스코 비지니스호텔 303호 (우동)",051-731-5001,,129.1329585,35.1678901
204,참사랑치과의원,치과의원,부산해운대구,"부산광역시 해운대구 해운대로774번길 33, 파크브라이언오피스텔 201호 (좌동)",051-701-2820,,129.1771708,35.1667835
205,참사랑치과의원,치과의원,부산사하구,"부산광역시 사하구 다대로 128, (신평동)",051-204-6200,,129.1771708,35.1667835
206,신세계신경외과의원,의원,부산해운대구,"부산광역시 해운대구 좌동순환로 505, 7층 704호~708호 (중동)",051-747-0651,,129.1682073,35.165667
207,온유한의원,한의원,부산해운대구,"부산광역시 해운대구 해운대로 814, B동 518~9호 (좌동, 세종월드프라자)",051-704-1574,,129.1776778,35.1695768
208,블루정형외과의원,의원,부산해운대구,"부산광역시 해운대구 해운대로 604, 2층 (우동, 명성빌딩)",051-747-5331,,129.157347,35.1624655
209,셀리즈피부과의원,의원,부산해운대구,"부산광역시 해운대구 마린시티2로 33, 104동 806~812호 (우동, 해운대두산위브더제니스)",051-711-9707,,129.145091,35.156667
210,병인한의원,한의원,부산해운대구,"부산광역시 해운대구 선수촌로 51, (반여동)",051-528-0180,,129.1182037,35.1985771
211,이미지플러스치과의원,치과의원,부산해운대구,"부산광역시 해운대구 해운대로 794-794, 502호 (좌동,삼정엘리움)",051-930-0555,http://www.imagedental.co.kr/main/main.php,129.1757451,35.168815
212,함소아한의원,한의원,부산진구,"부산광역시 부산진구 서면로 64, 12층 (부전동, 청석빌딩)",051-808-1065,,129.1748353,35.1716411
213,함소아한의원,한의원,부산동래구,"부산광역시 동래구 충렬대로75번길 24, 3층 301호 (온천동)",051-271-1075,,129.1748353,35.1716411
214,함소아한의원,한의원,부산해운대구,"부산광역시 해운대구 양운로 98, 6층 (좌동, 대하프라자)",051-704-3366,,129.1748353,35.1716411
215,해운대남산내과의원,의원,부산해운대구,"부산광역시 해운대구 센텀2로 25, 8층 801호 (우동, 센텀드림월드)",051-746-1661,,129.132947,35.1669544
216,서울바른현치과의원,치과의원,부산해운대구,"부산광역시 해운대구 마린시티2로 2, 704,705호 (우동, 마린파크)",051-742-8285,,129.1442096,35.15934
217,사과나무치과의원,치과의원,부산해운대구,"부산광역시 해운대구 신반송로 171, 상가동 202호 (반송동, 삼한그린타운1차)",051-544-7528,,129.1607171,35.2276246
218,참사랑의원,의원,부산해운대구,"부산광역시 해운대구 해운대로76번길 65, 2층 일부호 (재송동)",051-781-5888,,129.1170107,35.1902979
219,참사랑의원,의원,부산서구,"부산광역시 서구 해돋이로269번길 4, (아미동2가)",051-248-7582,,129.1170107,35.1902979
220,참사랑의원,의원,부산남구,"부산광역시 남구 전포대로92번길 6, (문현동)",051-527-3331,,129.1170107,35.1902979
221,참사랑의원,의원,부산사상구,"부산광역시 사상구 덕상로 14, (덕포동)",051-304-7584,,129.1170107,35.1902979
222,참사랑의원,의원,부산동구,"부산광역시 동구 중앙대로231번길 17, 2층3층 (초량동)",051-467-1121,,129.1170107,35.1902979
223,건강드림가정의학과의원,의원,부산해운대구,"부산광역시 해운대구 선수촌로 66, 2층 일부호 (반여동)",051-528-0075,,129.1191803,35.1993895
224,보송소아청소년과의원,의원,부산해운대구,"부산광역시 해운대구 해운대로 814, 세종월드프라자 B동 4층 422호 (좌동)",051-711-2088,,129.1776778,35.1695768
225,센텀바른한의원,한의원,부산해운대구,"부산광역시 해운대구 선수촌로 80, 2층 (반여동)",051-715-0501,,129.1193586,35.2008307
226,센텀메디힐병원,병원,부산해운대구,"부산광역시 해운대구 해운대로161번길 40, (재송동)",051-783-3331,https://ctmedihill.imweb.me,129.1253789,35.1852958
227,센텀성모안과의원,의원,부산해운대구,"부산광역시 해운대구 선수촌로 102-2, 부원메디칼센타 501호 (반여동)",051-714-2014,,129.1196159,35.2027865
228,힐스치과의원,치과의원,부산해운대구,"부산광역시 해운대구 좌동순환로433번길 30-1, (중동, 해운대힐스테이트위브)",051-747-2879,,129.1798461,35.1625239
229,연세비뇨기과의원,의원,부산해운대구,"부산광역시 해운대구 세실로 45, 305호 (좌동, 대승프라자)",051-702-0092,,129.1782898,35.1690009
230,센텀푸른이비인후과의원,의원,부산해운대구,"부산광역시 해운대구 해운대로76번길 16, 402호 (재송동)",051-781-8855,,129.1193147,35.1904041
231,맑은숨이비인후과의원,의원,부산해운대구,"부산광역시 해운대구 좌동순환로 505, 601호, 602-1호 (중동)",051-731-2420,,129.1682073,35.165667
232,강영미산부인과의원,의원,부산해운대구,"부산광역시 해운대구 해운대로 407, 302호 (우동, 신세계프라자)",051-741-7982,,129.1406828,35.1678259
233,라라피부과의원,의원,부산해운대구,"부산광역시 해운대구 APEC로 17, 센텀리더스마크 405~412호 (우동)",051-715-7057,,129.1324308,35.1659261
234,수비뇨의학과의원,의원,부산해운대구,"부산광역시 해운대구 선수촌로 98, 3층 (반여동)",051-532-8600,,129.1195202,35.2024093
235,우리치과의원,치과의원,부산북구,"부산광역시 북구 화명대로 35, 5층 502호 (화명동, 신호타워)",051-333-2833,,129.1601279,35.1640966
236,우리치과의원,치과의원,부산북구,"부산광역시 북구 화명대로 35, 5층 502호 (화명동, 신호타워)",051-333-2833,,129.1556269,35.2319576
237,우리치과의원,치과의원,부산해운대구,"부산광역시 해운대구 해운대로 636, 2,3층 (우동)",051-746-2875,,129.1601279,35.1640966
238,우리치과의원,치과의원,부산해운대구,"부산광역시 해운대구 해운대로 636, 2,3층 (우동)",051-746-2875,,129.1556269,35.2319576
239,우리치과의원,치과의원,부산사하구,"부산광역시 사하구 장림번영로 41, 4층 (장림동)",265-2875,,129.1601279,35.1640966
240,우리치과의원,치과의원,부산사하구,"부산광역시 사하구 장림번영로 41, 4층 (장림동)",265-2875,,129.1556269,35.2319576
241,우리치과의원,치과의원,부산해운대구,"부산광역시 해운대구 반송로924번길 14-2, (반송동)",051-543-7528,,129.1601279,35.1640966
242,우리치과의원,치과의원,부산해운대구,"부산광역시 해운대구 반송로924번길 14-2, (반송동)",051-543-7528,,129.1556269,35.2319576
243,우리치과의원,치과의원,부산수영구,"부산광역시 수영구 수영로 379, 2층 (남천동)",051-622-2882,,129.1601279,35.1640966
244,우리치과의원,치과의원,부산수영구,"부산광역시 수영구 수영로 379, 2층 (남천동)",051-622-2882,,129.1556269,35.2319576
245,우리치과의원,치과의원,부산강서구,"부산광역시 강서구 과학산단로306번길 10, 115동 207,208호 (지사동, 협성·DS 엘리시안아파트)",051-972-2804,,129.1601279,35.1640966
246,우리치과의원,치과의원,부산강서구,"부산광역시 강서구 과학산단로306번길 10, 115동 207,208호 (지사동, 협성·DS 엘리시안아파트)",051-972-2804,,129.1556269,35.2319576
247,조은치과의원,치과의원,부산기장군,"부산광역시 기장군 정관읍 정관로 579, 10층",051-728-0275,http://blog.naver.com/damduk7,129.160477,35.2302546
248,조은치과의원,치과의원,부산사상구,"부산광역시 사상구 광장로 77, 6층 (괘법동)",051-313-2877,http://blog.naver.com/damduk7,129.160477,35.2302546
249,조은치과의원,치과의원,부산해운대구,"부산광역시 해운대구  신반송로 194-0, 2층 7호 (반송동)",051-744-8255,http://blog.naver.com/damduk7,129.160477,35.2302546
250,조은치과의원,치과의원,부산금정구,"부산광역시 금정구 서동로 158-2, 4층 401호 (서동)",051-523-1364,http://blog.naver.com/damduk7,129.160477,35.2302546
251,예미안치과의원,치과의원,부산해운대구,"부산광역시 해운대구 선수촌로 102, 2층 (반여동)",051-532-2875,,129.1195107,35.2025927
252,예미안치과의원,치과의원,부산동래구,"부산광역시 동래구 명륜로 188, (명륜동)",552-2275,,129.1195107,35.2025927
253,마린시티내과의원,의원,부산해운대구,"부산광역시 해운대구 마린시티2로 2, 701~3호 (우동, 마린파크)",051-742-0747,,129.1442096,35.15934
254,엘시티리턴의원,의원,부산해운대구,"부산광역시 해운대구 달맞이길 30, 포디움동 2025~2027, 3016~3018호 (중동, 엘시티)",051-741-7755,,129.1683765,35.161064
255,엘시티서울치과의원,치과의원,부산해운대구,"부산광역시 해운대구 달맞이길 30, 포디움동 2009,2010,2011,2016호 (중동, 엘시티)",051-746-2828,,129.1683765,35.161064
256,늘푸른치과의원,치과의원,부산해운대구,"부산광역시 해운대구 재반로 206, (반여동)",051-783-0224,,129.1309252,35.1956241
257,늘푸른치과의원,치과의원,부산수영구,"부산광역시 수영구 수영로 384, 3층 (남천동, 수영빌딩)",625-7528,,129.1309252,35.1956241
258,늘푸른치과의원,치과의원,부산동구,"부산광역시 동구 범곡북로 1, 2층 (범일동)",051-646-1452,,129.1309252,35.1956241
259,신세계성형외과의원,의원,부산해운대구,"부산광역시 해운대구 센텀남대로 50, 8층 802호 (우동, 센텀임페리얼타워)",051-743-6446,,129.1313001,35.1681037
260,진피부과의원,의원,부산해운대구,"부산광역시 해운대구 좌동순환로 506, 7층 703,704호 (중동, 영풍리젠시)",051-744-8220,,129.1687362,35.1661755
261,송정플란트치과의원,치과의원,부산해운대구,"부산광역시 해운대구 송정중앙로 13, 2층 (송정동)",051-717-3373,,129.2023919,35.1834243
262,뉴헤어부산의원,의원,부산해운대구,"부산광역시 해운대구 센텀2로 25, 센텀드림월드 901호 (우동)",051-746-0802,,129.132947,35.1669544
263,허준이비인후과의원,의원,부산해운대구,"부산광역시 해운대구 센텀2로 20, 1204호 (우동, 센텀타워메디칼)",051-781-6226,www.코골이이비인후과.kr/,129.1320258,35.1671978
264,더핌의원,의원,부산해운대구,"부산광역시 해운대구 해운대로 794, 엘리움 1401~1402호 (좌동)",051-743-0099,,129.1757451,35.168815
265,서울백치과의원,치과의원,부산해운대구,"부산광역시 해운대구 윗반송로 68, 1층 (반송동)",051-900-1900,,129.1570485,35.2301295
266,고든몸한의원,한의원,부산진구,"부산광역시 부산진구 가야대로 769, ABC메디컬센터 4층 (부전동)",051-808-1055,,129.1752749,35.1781714
267,고든몸한의원,한의원,부산해운대구,"부산광역시 해운대구 좌동순환로 173, 203호 (좌동, 영풍프라자)",051-701-8733,,129.1752749,35.1781714
268,고든몸한의원,한의원,부산사하구,"부산광역시 사하구 낙동대로 450, 3층 301호 (당리동)",051-201-1149,,129.1752749,35.1781714
269,제네시스성형외과의원,의원,부산해운대구,"부산광역시 해운대구 해운대해변로 257, 하버타운 1305~1308호 (우동)",051-740-6545,http://www.genesisclinic.co.kr/,129.1595211,35.159687
270,일라스의원,의원,부산해운대구,"부산광역시 해운대구 센텀2로 25, 센텀드림월드 1401호 (우동)",051-710-0821,,129.132947,35.1669544
271,미즈포유여성의원,의원,부산해운대구,"부산광역시 해운대구 양운로 82, 해운대화인크리닉센타 601호 (좌동)",051-636-7975,,129.1755732,35.1704651
272,국민45플란트치과의원,치과의원,부산해운대구,"부산광역시 해운대구 센텀2로 10, , 8층, 6층 601호 (우동)",051-746-7503,,129.1315304,35.1678325
273,제니스여성한의원,한의원,부산해운대구,"부산광역시 해운대구 마린시티2로 33, 104동 421~2호 (우동, 제니스스퀘어)",051-746-5141,,129.145091,35.156667
274,삼진한의원,한의원,부산해운대구,"부산광역시 해운대구 구남로29번길 38, 6층 (중동, 혜천빌딩)",051-742-6688,,129.1623603,35.1626273
275,함내과외과의원,의원,부산해운대구,"부산광역시 해운대구 재반로 72, 2~5층 (재송동)",051-783-3330,,129.1261903,35.1852021
276,센텀파크요양병원,요양병원,부산해운대구,"부산광역시 해운대구 재반로 137, (재송동)",051-781-2600,,129.1270729,35.1905809
277,안아픈디지털치과의원,치과의원,부산해운대구,"부산광역시 해운대구 윗반송로 88, 1층, 2층 일부호 (반송동)",051-544-1122,,129.1579262,35.2318118
278,2080치과의원,치과의원,부산북구,"부산광역시 북구 시랑로 75, 2층 (구포동)",051-338-2080,,129.1471653,35.2253583
279,2080치과의원,치과의원,부산해운대구,"부산광역시 해운대구 아랫반송로 12, 2층 (반송동, 서울메디컬센터)",051-583-2080,,129.1471653,35.2253583
280,바른이치과의원,치과의원,부산진구,"부산광역시 부산진구 중앙대로 615, (범천동)",051-638-7522,http://www.barun2.com/,129.1773813,35.1686828
281,바른이치과의원,치과의원,부산해운대구,"부산광역시 해운대구 양운로42번길 20, (좌동)",051-703-5035,http://www.barun2.com/,129.1773813,35.1686828
282,바른이치과의원,치과의원,부산북구,"부산광역시 북구 덕천로 233, (만덕동)",051-341-2828,http://www.barun2.com/,129.1773813,35.1686828
283,바른이치과의원,치과의원,부산기장군,"부산광역시 기장군 정관읍 정관로 495, (정관읍)",051-728-2833,http://www.barun2.com/,129.1773813,35.1686828
284,송정가정의학과의원,의원,부산해운대구,"부산광역시 해운대구 송정중앙로 31, 2층 (송정동)",051-915-0800,,129.2040538,35.1825054
285,유림한의원,한의원,부산사하구,"부산광역시 사하구 낙동대로 410, 1층 일부 (당리동)",051-207-8575,,129.1476515,35.2249466
286,유림한의원,한의원,부산동구,"부산광역시 동구 초량중로 117, (초량동)",051-467-5217,,129.1476515,35.2249466
287,유림한의원,한의원,부산해운대구,"부산광역시 해운대구 아랫반송로26번길 33, 2층 (반송동)",051-543-8288,,129.1476515,35.2249466
288,부산노인전문제3병원,요양병원,부산해운대구,"부산광역시 해운대구 해운대로469번가길 77, (우동)",051-780-5555,www.busangh.com/,129.1473694,35.1682538
289,최치과의원,치과의원,부산강서구,"부산광역시 강서구 명지새동네길1번길 32, (명지동)",051-271-2875,,129.1623603,35.1626273
290,최치과의원,치과의원,부산해운대구,"부산광역시 해운대구 구남로29번길 38, 혜천빌딩 4층 (중동)",051-746-3747,,129.1623603,35.1626273
291,세광치과의원,치과의원,부산해운대구,"부산광역시 해운대구 반송로924번길 25-2, (반송동)",051-543-2875,,129.1568618,35.2316117
292,해인치과의원,치과의원,부산해운대구,"부산광역시 해운대구 좌동순환로 502, 201호 (중동, 이름타워)",051-742-3344,,129.1690227,35.1660473
293,성모내과의원,의원,부산해운대구,"부산광역시 해운대구 선수촌로 98, (반여동, 2층)",051-522-8575,,129.1195202,35.2024093
294,센텀이루다요양병원,요양병원,부산해운대구,"부산광역시 해운대구 APEC로 17, 센텀리더스마크, 1.2층일부, 3층, 5~8층 (우동)",051-608-7000,,129.1324308,35.1659261
295,마리나정형외과의원,의원,부산해운대구,"부산광역시 해운대구 아랫반송로 12, 6~9층 (반송동)",051-731-0880,,129.1471653,35.2253583
296,고운치과의원,치과의원,부산해운대구,"부산광역시 해운대구 좌동순환로 177, 제일빌딩 2층 (좌동)",051-702-2275,,129.1757714,35.1780419
297,고운치과의원,치과의원,부산사상구,"부산광역시 사상구 사상로 236, (괘법동)",051-315-2080,,129.1757714,35.1780419
298,해운대코끼리정형외과의원,의원,부산해운대구,"부산광역시 해운대구 해운대로 802, 웅신시네아트 413호 (좌동)",051-702-7579,,129.1766569,35.1691635
299,여명부부한의원,한의원,부산해운대구,"부산광역시 해운대구 해운대로469번길 132, 2층 (우동, 정운상가)",051-714-4747,,129.1418711,35.1683099
300,반여한의원,한의원,부산해운대구,"부산광역시 해운대구 선수촌로 179, 2층 (반여동)",051-522-7999,,129.1236205,35.2088654
301,동인당한의원,한의원,부산해운대구,"부산광역시 해운대구 재송2로 30, (재송동)",051-784-4515,,129.1303982,35.1921365
302,김영삼치과의원,치과의원,부산해운대구,"부산광역시 해운대구 송정중앙로 17, (송정동)",051-703-9369,,129.2027996,35.1831677
303,오정세치과의원,치과의원,부산해운대구,"부산광역시 해운대구 좌동로 98, 2동 401,402호 (좌동, 디베르비타)",051-701-2379,,129.1759075,35.1724315
304,한솔치과의원,치과의원,부산진구,"부산광역시 부산진구 전포대로 294, 304호 (전포동, 서면한신아파트상가)",051-802-4002,,129.1485771,35.2254939
305,한솔치과의원,치과의원,부산해운대구,"부산광역시 해운대구 아랫반송로21번길 8, (반송동)",051-545-2275,,129.1485771,35.2254939
306,예일치과의원,치과의원,부산해운대구,"부산광역시 해운대구 청사포로 16, 404호 (좌동, 락희상가)",051-702-1616,,129.1837505,35.1662548
307,선재부부치과의원,치과의원,부산해운대구,"부산광역시 해운대구 세실로 48, (좌동)",051-702-2828,,129.178542,35.1695609
308,델타치과의원,치과의원,부산해운대구,"부산광역시 해운대구 좌동순환로 181, 4층 (좌동, 진성빌딩)",051-703-0280,,129.1760224,35.1779775
309,엘치과의원,치과의원,부산해운대구,"부산광역시 해운대구 좌동순환로 505, 10층 1001~1004호 (중동, 센트럴메디타워)",051-751-2882,,129.1682073,35.165667
310,더원이비인후과의원,의원,부산해운대구,"부산광역시 해운대구 선수촌로 103-4, 5층 (반여동)",051-710-1333,,129.1193242,35.2031837
311,프랜드치과의원,치과의원,부산북구,"부산광역시 북구 덕천로 174, 208호 (만덕동, 벽산라인타운)",051-331-2875,,129.1308891,35.1975565
312,프랜드치과의원,치과의원,부산동구,"부산광역시 동구 고관로13번길 7, 2층 (초량동)",051-466-6868,,129.1308891,35.1975565
313,프랜드치과의원,치과의원,부산수영구,"부산광역시 수영구 수영로 632, (광안동)",051-756-2804,,129.1308891,35.1975565
314,프랜드치과의원,치과의원,부산해운대구,"부산광역시 해운대구 재반로 227, 3층 (반여동, 수협)",051-783-2875,,129.1308891,35.1975565
315,프랜드치과의원,치과의원,부산동래구,"부산광역시 동래구 충렬대로 200, 지1층 (수안동, 불이빌딩)",051-502-2875,,129.1308891,35.1975565
316,프랜드치과의원,치과의원,부산영도구,"부산광역시 영도구 대교로 1, 3층 (봉래동3가, 미라클타워)",051-413-2875,,129.1308891,35.1975565
317,정두윤치과의원,치과의원,부산해운대구,"부산광역시 해운대구 해운대로161번길 43-1, (재송동)",051-781-6130,,129.1252079,35.1856755
318,유재상내과의원,의원,부산해운대구,"부산광역시 해운대구 아랫반송로21번길 26, (반송동)",051-543-9001,,129.1486075,35.2259981
319,드림내과의원,의원,부산해운대구,"부산광역시 해운대구 중동1로 32, 2층 (중동)",051-742-9200,,129.1627304,35.1625476
320,빼어날수의원,의원,부산해운대구,"부산광역시 해운대구 재반로 86, 5층 (재송동)",051-783-7999,,129.1257184,35.1862985
321,해운대한의원,한의원,부산해운대구,"부산광역시 해운대구 재반로 82, 1층 (재송동)",051-784-3136,,129.1257818,35.1860019
322,조만종내과·김정호외과의원,의원,부산해운대구,"부산광역시 해운대구 신반송로 207, (반송동)",051-542-0041,,129.15741,35.2304351
323,늘편한내과의원,의원,부산해운대구,"부산광역시 해운대구 반여로 131, 306호 (반여동, 프레스상가)",051-521-3036,,129.1234496,35.2034393
324,늘편한내과의원,의원,부산남구,"부산광역시 남구 진남로 4, 3층 (대연동)",051-621-0119,,129.1234496,35.2034393
325,늘편한내과의원,의원,부산금정구,"부산광역시 금정구 중앙대로1841번길 15, 2층 (구서동)",051-583-1199,,129.1234496,35.2034393
326,부산광역시해운대구보건소,보건소,부산해운대구,"부산광역시 해운대구 양운로37번길 59, (좌동)",051-749-7501,http://health.haeundae.go.kr,129.1786669,35.1640913
327,화목치과의원,치과의원,부산해운대구,"부산광역시 해운대구 세실로 64, 206,207호 (좌동, 화목데파트)",051-747-1411,,129.177663,35.1709808
328,탑서울치과의원,치과의원,부산해운대구,"부산광역시 해운대구 좌동순환로 178, 한솔빌딩 3층 (좌동)",051-702-2800,,129.1755258,35.1775052
329,연세센텀치과교정과치과의원,치과의원,부산해운대구,"부산광역시 해운대구 센텀남대로 50, 센템임페리얼타워 1202호 (우동)",051-528-2885,,129.1313001,35.1681037
330,바다치과의원,치과의원,부산해운대구,"부산광역시 해운대구 양운로 98, 306호 (좌동, 대하프라자)",051-704-1584,,129.1748353,35.1716411
331,강치과의원,치과의원,부산중구,"부산광역시 중구 대청로 80, (대청동3가)",051-245-5156,,129.15741,35.2304351
332,강치과의원,치과의원,부산서구,"부산광역시 서구 구덕로 296, 2층 (동대신동2가)",051-244-2080,,129.15741,35.2304351
333,강치과의원,치과의원,부산서구,"부산광역시 서구 구덕로 115, (충무동1가)",051-242-1003,,129.15741,35.2304351
334,강치과의원,치과의원,부산진구,"부산광역시 부산진구 중앙대로 712, 7층 (부전동)",051-802-6377,,129.15741,35.2304351
335,강치과의원,치과의원,부산해운대구,"부산광역시 해운대구 신반송로 207, (반송동)",051-542-2220,,129.15741,35.2304351
336,강치과의원,치과의원,부산사상구,"부산광역시 사상구 대동로 102, (학장동)",051-326-0874,,129.15741,35.2304351
337,강치과의원,치과의원,부산동래구,"부산광역시 동래구 온천장로 123, (온천동)",051-556-0028,,129.15741,35.2304351
338,열린치과의원,치과의원,부산동래구,"부산광역시 동래구 안남로 23, 305호 (낙민동, 보림프라자)",051-521-2822,,129.1575904,35.2307114
339,열린치과의원,치과의원,부산해운대구,"부산광역시 해운대구 신반송로 208, (반송동)",051-544-2875,,129.1575904,35.2307114
340,열린치과의원,치과의원,부산북구,"부산광역시 북구 만덕3로 57, 2층 (만덕동)",051-337-4345,,129.1575904,35.2307114
341,열린치과의원,치과의원,부산사상구,"부산광역시 사상구 덕상로 14, (덕포동)",051-305-2879,,129.1575904,35.2307114
342,스마일정경우비뇨의학과의원,의원,부산해운대구,"부산광역시 해운대구 센텀2로 20, 203호 (우동, 센텀타워메디컬)",051-744-8181,http://bmu.co.kr/index.asp,129.1320258,35.1671978
343,서울편한내과의원,의원,부산강서구,"부산광역시 강서구 대저로 254, (대저1동)",051-973-6622,,129.145091,35.156667
344,서울편한내과의원,의원,부산해운대구,"부산광역시 해운대구 마린시티2로 33, 104동 621~626호 (우동, 해운대두산위브더제니스)",051-742-8887,,129.145091,35.156667
345,마디호한의원,한의원,부산해운대구,"부산광역시 해운대구 선수촌로 94, 대룡빌딩 302호 (반여동)",051-714-7169,,129.1195631,35.2021038
346,고려신경외과의원,의원,부산해운대구,"부산광역시 해운대구 재반로 199, 3층 (반여동, 새아빌딩)",051-532-0002,,129.1304705,35.1951003
347,치아사랑치과의원,치과의원,부산해운대구,"부산광역시 해운대구 선수촌로 92, 3층 (반여동)",051-522-4655,,129.1195446,35.2017882
348,치아사랑치과의원,치과의원,부산수영구,"부산광역시 수영구 광남로 48-1, 2층 (남천동, 부천빌딩)",051-624-3005,,129.1195446,35.2017882
349,구순본정형외과의원,의원,부산해운대구,"부산광역시 해운대구 좌동순환로 441, 2~3, 5~6층 (중동, 부산중2동우편취급국)",051-742-8005,,129.1725654,35.1613322
350,에이치브이디(HVD)의원,의원,부산해운대구,"부산광역시 해운대구 해운대로 407, 501호 (우동, 신세계프라자빌딩)",051-743-7979,,129.1406828,35.1678259
351,신제일의원,의원,부산해운대구,"부산광역시 해운대구 신반송로 163, 상가8호동 201호 (반송동, 남흥아파트)",051-545-1672,,129.162269,35.2275082
352,기립마취통증의학과의원기립한의원,한의원,부산해운대구,"부산광역시 해운대구 세실로27번길 23, 샤인빌딩 3층 301호 (좌동)",051-711-1042,,129.1613426,35.1646577
353,기립마취통증의학과의원기립한의원,한의원,부산해운대구,"부산광역시 해운대구 세실로27번길 23, 샤인빌딩 3층 301호 (좌동)",051-711-1042,,129.177778,35.1688673
354,기립마취통증의학과의원기립한의원,의원,부산해운대구,"부산광역시 해운대구 해운대로 650, 201동 501호 일부호 (우동, 해운대 센트럴 푸르지오)",051-711-1042,,129.1613426,35.1646577
355,기립마취통증의학과의원기립한의원,의원,부산해운대구,"부산광역시 해운대구 해운대로 650, 201동 501호 일부호 (우동, 해운대 센트럴 푸르지오)",051-711-1042,,129.177778,35.1688673
356,서성국안과의원,의원,부산해운대구,"부산광역시 해운대구 재반로 198-1, (반여동)",051-783-7987,,129.1308031,35.1948892
357,하이엘치과의원,치과의원,부산해운대구,"부산광역시 해운대구 마린시티2로 2, 515호 (우동, 마린파크)",051-747-2875,,129.1442096,35.15934
358,서강약손한의원.강내과의원,한의원,부산해운대구,"부산광역시 해운대구 좌동순환로 505, 센트럴메디타워 202호 (중동)",051-714-5789,http://www.hanione.co.kr,129.1682073,35.165667
359,서울하이안치과의원,치과의원,부산해운대구,"부산광역시 해운대구 해운대로 814, 세종월드프라자 522, 523, 524호 (좌동)",051-704-2882,,129.1776778,35.1695768
360,순백피부과의원,의원,부산해운대구,"부산광역시 해운대구 해운대로 637, 4층 (우동, 메디현대빌딩)",051-743-0990,,129.1598774,35.1644999
361,이지소아청소년과의원,의원,부산해운대구,"부산광역시 해운대구 반여로 131, 307호 (반여동, 아시아선수촌프레스센)",051-527-7170,,129.1234496,35.2034393
362,백제한의원,한의원,부산해운대구,"부산광역시 해운대구 재반로 96-2, 2층 (재송동)",051-924-4321,,129.1257424,35.187035
363,백제한의원,한의원,부산진구,"부산광역시 부산진구 성지로 151, (초읍동,용주빌딩 2층)",051-805-8580,,129.1257424,35.187035
364,부산썬의원,의원,부산해운대구,"부산광역시 해운대구 좌동순환로 395, 201호 (중동)",051-741-9660,,129.1773299,35.1621911
365,김내과의원,의원,부산해운대구,"부산광역시 해운대구 세실로 43, 401,403,405,406호 (좌동, 경동코아)",051-703-7010,,129.17845,35.1687646
366,김내과의원,의원,부산사상구,"부산광역시 사상구 대동로 94, 312,313,314호 (학장동, 반도프라자상가)",051-322-9210,,129.17845,35.1687646
367,조옥인치과의원,치과의원,부산해운대구,"부산광역시 해운대구 좌동순환로 309, 401호 (좌동, 삼성프라자)",051-703-2875,,129.1831954,35.1683712
368,센텀속시원내과의원,의원,부산해운대구,"부산광역시 해운대구 해운대로 415, 701호 (우동)",051-731-7272,,129.1411817,35.1669113
369,다미인한의원,한의원,부산해운대구,"부산광역시 해운대구 해운대로 802, 웅신시네아트 403호 (좌동)",051-711-4257,,129.1766569,35.1691635
370,센텀린의원,의원,부산해운대구,"부산광역시 해운대구 센텀남대로 50, 1001~3호 (우동, 센텀임페리얼타워)",051-920-7979,,129.1313001,35.1681037
371,센텀린의원,의원,부산금정구,"부산광역시 금정구 부산대학로 49, 4층 (장전동, 오션프라자)",051-583-8585,,129.1313001,35.1681037
372,우리정형외과의원,의원,부산동래구,"부산광역시 동래구 명안로85번길 52, (명장동)",051-522-0601,,129.1580864,35.2323233
373,우리정형외과의원,의원,부산해운대구,"부산광역시 해운대구 윗반송로 94, 지하1층~지상4층 (반송동)",051-542-0954,,129.1580864,35.2323233
374,우리정형외과의원,의원,부산진구,"부산광역시 부산진구 동평로 90, 4,5층 (당감동)",051-898-9119,,129.1580864,35.2323233
375,재송남산의원,의원,부산해운대구,"부산광역시 해운대구 재반로 153, 2층 (재송동)",051-781-1199,,129.1279705,35.1917989
376,신대암메디칼의원,의원,부산해운대구,"부산광역시 해운대구 해운대로91번길 21-13, 1~2층 (재송동)",051-916-0111,,129.1228302,35.1897401
377,뷰센스의원,의원,부산해운대구,"부산광역시 해운대구 세실로 43, 606호 (좌동)",051-703-3996,,129.17845,35.1687646
378,바른길병원,병원,부산해운대구,"부산광역시 해운대구 선수촌로 144, (반여동)",051-525-0058,,129.1217477,35.2059254
379,김양규한의원,한의원,부산해운대구,"부산광역시 해운대구 재반로 213-1, (반여동)",051-781-6934,http://www.kykhani.com/,129.1306842,35.1963994
380,산수한의원,한의원,부산해운대구,"부산광역시 해운대구 아랫반송로21번길 38, (반송동)",051-543-8877,,129.1485935,35.2263468
381,강내과의원,의원,부산해운대구,"부산광역시 해운대구 대천로103번길 61, 상가동 309-1호 (좌동, 엘지아파트)",051-704-9505,,129.1736239,35.1811467
382,강내과의원,의원,부산진구,"부산광역시 부산진구 서면로 73, (부전동)",051-817-2334,,129.1736239,35.1811467
383,영광한의원,한의원,부산해운대구,"부산광역시 해운대구 해운대로 1190, 2동 (송정동)",051-701-7542,,129.2047197,35.1910727
384,퀸즈파크여성병원,병원,부산해운대구,"부산광역시 해운대구 해운대로 794, 10~11층 (좌동)",051-715-4100,,129.1757451,35.168815
385,송정한의원,한의원,부산해운대구,"부산광역시 해운대구 송정중앙로 19, (송정동, 코스마@ 상가101호)",051-703-1249,,129.2029725,35.1832329
386,해운대이비인후과의원,의원,부산해운대구,"부산광역시 해운대구 구남로29번길 38, (중동)",051-746-8494,,129.1623603,35.1626273
387,김대석외과의원,의원,부산해운대구,"부산광역시 해운대구 반송로 896, (반송동)",051-542-8844,,129.1520254,35.2311272
388,사상한의원,한의원,부산해운대구,"부산광역시 해운대구 해운대로 375-3, (우동)",051-747-9929,,129.1381944,35.1697103
389,수생한의원,한의원,부산해운대구,"부산광역시 해운대구 선수촌로 4, 1층 (반여동, 수생한의원)",051-525-7575,,129.1188025,35.1946321
390,유상한의원,한의원,부산해운대구,"부산광역시 해운대구 달맞이길65번길 15, 201호 (중동, 협진상가)",051-742-3472,,129.1730295,35.1613617
391,김동훈한의원,한의원,부산해운대구,"부산광역시 해운대구 재반로 85, (재송동)",051-781-2317,,129.1253414,35.1863144
392,고내과의원,의원,부산해운대구,"부산광역시 해운대구 좌동순환로 307-1, 201호 (좌동, 한창프라자)",051-701-7666,,129.1832297,35.1685422
393,천초한의원,한의원,부산해운대구,"부산광역시 해운대구 반송로924번길 13, 2층 (반송동)",051-545-7272,,129.155582,35.2322411
394,김승한의원,한의원,부산해운대구,"부산광역시 해운대구 재반로 249, (반여동)",051-782-8275,,129.1312205,35.1995498
395,대운한의원,한의원,부산해운대구,"부산광역시 해운대구 양운로 182, (좌동, 두산1차@주상가동 207,208호)",051-704-7524,,129.170284,35.1802354
396,웰니스한의원,한의원,부산해운대구,"부산광역시 해운대구 재반로 150, (재송동,반도스카이5층)",051-782-7571,,129.1282604,35.1912677
397,시원이비인후과의원,의원,부산해운대구,"부산광역시 해운대구 해운대로 407, 3층 303호 (우동, 신세계플라자)",051-746-4909,,129.1406828,35.1678259
398,시원이비인후과의원,의원,부산연제구,"부산광역시 연제구 연수로 105, 3층 (연산동)",051-711-2559,,129.1406828,35.1678259
399,채요한이비인후과의원,의원,부산해운대구,"부산광역시 해운대구 신반송로 207, (반송동)",051-541-2929,,129.15741,35.2304351
400,자연뜰한의원,한의원,부산해운대구,"부산광역시 해운대구 해운대로 814, (좌동, 세종월드프라자A동 410호,411호,412호)",051-704-7911,http://www.namuhani.co.kr/,129.1776778,35.1695768
401,센텀속사랑내과의원,의원,부산해운대구,"부산광역시 해운대구 센텀2로 20, 903호 (우동, 센텀타워메디컬)",051-714-6277,soksarang.com,129.1320258,35.1671978
402,평화강한의원,한의원,부산해운대구,"부산광역시 해운대구 선수촌로 102-2, 2층 (반여동, 부원메디칼빌딩)",051-529-7579,,129.1196159,35.2027865
403,심재원한의원,한의원,부산해운대구,"부산광역시 해운대구 구남로 27, 해운대오피스 2층, 지하1층 (중동)",051-731-0078,http://blog.naver.com/goldmund2,129.1608933,35.1617604
404,약손청담한의원,한의원,부산해운대구,"부산광역시 해운대구 해운대로 652, 2층 (우동)",051-731-7550,,129.1618749,35.1650706
405,신화재활의학과의원,의원,부산해운대구,"부산광역시 해운대구 구남로 22, 6층 (우동, 해월프라자)",731-6024,,129.1598623,35.1619179
406,마린시티치과교정과치과의원,치과의원,부산해운대구,"부산광역시 해운대구 마린시티2로 2, 1605호 (우동, 마린파크)",742-7728,,129.1442096,35.15934
407,편한세상한의원,한의원,부산해운대구,"부산광역시 해운대구 세실로 64, (좌동, 화목데파트상가 202-1호)",051-702-5033,,129.177663,35.1709808
408,배광열소아청소년과의원,의원,부산해운대구,"부산광역시 해운대구 재반로 83, (재송동)",051-782-4146,,129.1253473,35.1861008
409,이내과의원,의원,부산동래구,"부산광역시 동래구 안연로 64, (안락동)",523-0300,,129.1471653,35.2253583
410,이내과의원,의원,부산해운대구,"부산광역시 해운대구 아랫반송로 12, 3층 (반송동)",051-544-9137,,129.1471653,35.2253583
411,윤성준내과의원,의원,부산해운대구,"부산광역시 해운대구 청사포로 16, (좌동, 락희상가 301호)",051-704-7721,,129.1837505,35.1662548
412,중외부부한의원,한의원,부산해운대구,"부산광역시 해운대구 우동1로20번길 77, 2층 (우동)",051-741-8471,,129.160251,35.16561
413,신우원내과의원,의원,부산해운대구,"부산광역시 해운대구 센텀남대로 50, 센템임페리얼타워 A801호 (우동)",051-920-7777,,129.1313001,35.1681037
414,바로서한의원,한의원,부산해운대구,"부산광역시 해운대구 해운대로76번길 16, 301호 (재송동)",051-781-7585,http://blog.daum.net/varusclinic,129.1193147,35.1904041
415,해인의원,의원,부산해운대구,"부산광역시 해운대구 신반송로 197, (반송동)",051-541-0450,,129.1585141,35.2299257
416,센텀연의원,의원,부산해운대구,"부산광역시 해운대구 센텀2로 25, 센텀드림월드 502호 (우동)",051-714-1883,http://www.dryung.co.kr,129.132947,35.1669544
417,이현피부과의원,의원,부산해운대구,"부산광역시 해운대구 재반로 116, 5층 (재송동, 일창빌딩 )",051-784-5077,,129.1268114,35.1886612
418,우람한의원,한의원,부산해운대구,"부산광역시 해운대구 중동2로 16, 3층 (중동, 해운대온천센터)",051-747-7597,,129.164556,35.1634328
419,사임당한의원,한의원,부산해운대구,"부산광역시 해운대구 센텀2로 20, 703호 (우동, 센텀타워메디컬)",051-717-0379,,129.1320258,35.1671978
420,경희해운대한의원,한의원,부산해운대구,"부산광역시 해운대구 좌동순환로 505, 3층 302호 (중동)",051-742-1077,,129.1682073,35.165667
421,오케이하트내과의원,의원,부산해운대구,"부산광역시 해운대구 재반로 116, 4층 (재송동)",051-782-3393,,129.1268114,35.1886612
422,장팔팔내과의원,의원,부산해운대구,"부산광역시 해운대구 해운대로 369, 해운대센텀메디칼센터 3,4층 (우동)",051-711-1088,,129.1377353,35.1702057
423,우리한의원,한의원,부산북구,"부산광역시 북구 효열로 77, 1층 (금곡동)",051-361-0660,,129.1588736,35.2297839
424,우리한의원,한의원,부산해운대구,"부산광역시 해운대구 신반송로 193, 2층 (반송동)",051-545-8815,,129.1588736,35.2297839
425,몸과마음한의원,한의원,부산해운대구,"부산광역시 해운대구 좌동순환로 505, 센트럴메디타워 502호 (중동)",051-731-1370,,129.1682073,35.165667
426,삼성한의원,한의원,부산기장군,"부산광역시 기장군 기장읍 차성동로 93, 2층",051-907-3375,,129.1313256,35.2001871
427,삼성한의원,한의원,부산해운대구,"부산광역시 해운대구 재반로 257, 2층 (반여동)",051-781-0606,,129.1313256,35.2001871
428,생기한의원,한의원,부산진구,"부산광역시 부산진구 서면로 73, 4층 (부전동)",051-819-1075,,129.1329585,35.1678901
429,생기한의원,한의원,부산남구,"부산광역시 남구 지게골로 46, (문현동)",051-635-6352,,129.1329585,35.1678901
430,생기한의원,한의원,부산해운대구,"부산광역시 해운대구 센텀3로 20, 벡스코 비지니스호텔 201호 (우동)",051-714-3112,,129.1329585,35.1678901
431,참신경외과의원,의원,부산해운대구,"부산광역시 해운대구 선수촌로 65-29, (반여동)",051-531-1119,,129.11727,35.1997825
432,열린한의원,한의원,부산동래구,"부산광역시 동래구 아시아드대로 239-1, 월드 메디컬 타워 3층 (온천동)",051-925-8275,,129.1314803,35.1988467
433,열린한의원,한의원,부산해운대구,"부산광역시 해운대구 재반로 244, 2,3,5층 (반여동)",051-529-8275,,129.1314803,35.1988467
434,열린한의원,한의원,부산사하구,"부산광역시 사하구 다대로 551, 3층 (다대동, 대성빌딩)",265-1500,,129.1314803,35.1988467
435,더바른한의원,한의원,부산해운대구,"부산광역시 해운대구 해운대로 794, 엘리움 304,305,403호 (좌동)",051-758-9188,,129.1757451,35.168815
436,장튼튼내과의원,의원,부산해운대구,"부산광역시 해운대구 재반로 213-1, 우리약국 2, 4층 (반여동)",051-784-2600,,129.1306842,35.1963994
437,산돌의원,의원,부산해운대구,"부산광역시 해운대구 반여로167번길 76, 2,3층 (반여동)",051-522-1799,,129.1234229,35.2080231
438,도원한의원,한의원,부산진구,"부산광역시 부산진구 전포대로 274, 2층 206,207호 (전포동, 서면대우디오빌2)",051-808-6540,,129.1310641,35.1676318
439,도원한의원,한의원,부산해운대구,"부산광역시 해운대구 센텀1로 9, E동 304호 (우동, 롯데갤러리움센텀)",051-626-8275,,129.1310641,35.1676318
440,시은한의원,한의원,부산해운대구,"부산광역시 해운대구 좌동순환로 505, 센트럴메디타워 2층 204호 (중동)",051-746-1079,,129.1682073,35.165667
441,센텀조은의원,의원,부산해운대구,"부산광역시 해운대구 센텀북대로 60, 211호 (재송동, 센텀IS타워)",051-780-8877,,129.1253774,35.1766639
442,근산한의원,한의원,부산해운대구,"부산광역시 해운대구 재반로 205-1, (반여동)",051-781-0812,,129.1305629,35.1956312
443,유박의원,의원,부산해운대구,"부산광역시 해운대구 센텀2로 25, 402호 (우동)",051-741-6971,http://www.유박성형외과.com,129.132947,35.1669544
444,뉴욕아름다운치과의원,치과의원,부산해운대구,"부산광역시 해운대구 좌동순환로 506, 604호 (중동, 영풍리젠시)",051-731-7512,,129.1687362,35.1661755
445,강내과의원·서강약손한의원,의원,부산해운대구,"부산광역시 해운대구 좌동순환로 505, 센트럴메디타워 202호 (중동)",051-714-5789,http://www.sgclinic.co.kr,129.1682073,35.165667
446,제나이비인후과의원,의원,부산해운대구,"부산광역시 해운대구 센텀2로 15, 401호 (우동, 센텀브라이언빌딩)",051-746-0065,,129.1323537,35.1677016
447,월드치과의원,치과의원,부산연제구,"부산광역시 연제구 월드컵대로 153, 7층 (연산동)",051-866-2875,http://www.dentalworld.kr/,129.1752749,35.1781714
448,월드치과의원,치과의원,부산해운대구,"부산광역시 해운대구 좌동순환로 173, 602호 (좌동, 월드프라자)",051-701-2564,http://www.dentalworld.kr/,129.1752749,35.1781714
449,월드치과의원,치과의원,부산진구,"부산광역시 부산진구 서면로 59, 5층 (부전동)",051-804-2875,http://www.dentalworld.kr/,129.1752749,35.1781714
450,월드치과의원,치과의원,부산수영구,"부산광역시 수영구 수영로 669, 5층 (광안동, 신세계메디칼)",051-752-0005,http://www.dentalworld.kr/,129.1752749,35.1781714
451,월드치과의원,치과의원,부산기장군,"부산광역시 기장군 기장읍 읍내로 96, 인제빌딩 5층",051-721-2897,http://www.dentalworld.kr/,129.1752749,35.1781714
452,월드치과의원,치과의원,부산동래구,"부산광역시 동래구 충렬대로 284, 5층 (낙민동)",051-553-2879,http://www.dentalworld.kr/,129.1752749,35.1781714
453,해운대제니스내과의원,의원,부산해운대구,"부산광역시 해운대구 마린시티2로 33, 736,737,738,739호 (우동, 해운대두산위브더제니스)",051-742-1360,,129.145091,35.156667
454,세계로치과병원,치과병원,부산해운대구,"부산광역시 해운대구 센텀동로 102, 센텀필1 2층 208호~213호호 (재송동)",051-782-2825,,129.1264797,35.1766023
455,센텀비비의원,의원,부산해운대구,"부산광역시 해운대구 센텀2로 19, 301호 (우동, 센텀코아)",051-742-0885,,129.1325792,35.1674411
456,디자인의원,의원,부산해운대구,"부산광역시 해운대구 마린시티2로 2, 507~510호 (우동, 마린파크)",051-731-7588,,129.1442096,35.15934
457,새생명요양병원,요양병원,부산해운대구,"부산광역시 해운대구 해운대로 802, 10층 (좌동)",051-704-8661,,129.1766569,35.1691635
458,해운대나눔과행복병원,병원,부산해운대구,"부산광역시 해운대구 좌동순환로 502, 1층일부, 3~9층 (중동)",051-744-0123,,129.1690227,35.1660473
459,효성시티병원,병원,부산해운대구,"부산광역시 해운대구 해운대로 135, (재송동)",051-709-3000,http://www.hshos.com/,129.1214789,35.1852049
460,우리의원,의원,부산금정구,"부산광역시 금정구 금사로 95, 2,3층 (금사동)",051-531-8291,,129.1766569,35.1691635
461,우리의원,의원,부산기장군,"부산광역시 기장군 일광면 일광로 98, (일광읍)",051-721-7272,,129.1766569,35.1691635
462,우리의원,의원,부산해운대구,"부산광역시 해운대구 해운대로 802, 301,307호 (좌동, 웅신시네아트)",051-703-6700,,129.1766569,35.1691635
463,우리의원,의원,부산서구,"부산광역시 서구 천마로 133, (남부민동)",051-256-0204,,129.1766569,35.1691635
464,정내과의원,의원,부산진구,"부산광역시 부산진구 당감로 15, (당감동)",051-894-1836,,129.1752749,35.1781714
465,정내과의원,의원,부산해운대구,"부산광역시 해운대구 좌동순환로 173, 502호 (좌동, 영풍프라자)",051-702-7533,,129.1752749,35.1781714
466,정내과의원,의원,부산진구,"부산광역시 부산진구 동평로 358, (양정동)",051-868-2868,,129.1752749,35.1781714
467,전광남정형외과의원,의원,부산해운대구,"부산광역시 해운대구 선수촌로 8-2, 1,2층 (반여동)",051-527-8800,,129.1185764,35.1947469
468,박영내과의원,의원,부산해운대구,"부산광역시 해운대구 재반로 221-1, 2층 (반여동)",051-782-4435,,129.1308247,35.1971196
469,김미란산부인과의원,의원,부산해운대구,"부산광역시 해운대구 재반로 82, 2층 (재송동, 장안빌딩)",051-781-7877,,129.1257818,35.1860019
470,우내과의원,의원,부산북구,"부산광역시 북구 덕천로 235-1, (만덕동)",051-342-1004,,129.1831954,35.1683712
471,우내과의원,의원,부산해운대구,"부산광역시 해운대구 좌동순환로 309, 202호 (좌동)",051-701-5138,,129.1831954,35.1683712
472,김동균이비인후과의원,의원,부산해운대구,"부산광역시 해운대구 재반로 200, (반여동)",051-781-0023,,129.1308142,35.1949799
473,예담소아청소년과의원,의원,부산해운대구,"부산광역시 해운대구 선수촌로 64, (반여동, 장산메디컬3층)",051-532-7511,,129.1189658,35.1993177
474,미소메디칼내과의원,의원,부산해운대구,"부산광역시 해운대구 재반로 150, 301호 (재송동, 보라스카이타운)",051-784-5675,,129.1282604,35.1912677
475,삼성의원,의원,부산남구,"부산광역시 남구 지게골로 46, 3층 (문현동)",051-245-0065,,129.1556759,35.2322043
476,삼성의원,의원,부산동래구,"부산광역시 동래구 충렬대로 252, (수안동)",051-557-1331,,129.1556759,35.2322043
477,삼성의원,의원,부산해운대구,"부산광역시 해운대구 반송로924번길 13-1, (반송동)",051-542-1666,,129.1556759,35.2322043
478,뷰티스피부과의원,의원,부산해운대구,"부산광역시 해운대구 센텀2로 10, 602호 (우동, 센텀메디컬센타)",051-717-2645,,129.1315304,35.1678325
479,시원한제통외과의원,의원,부산해운대구,"부산광역시 해운대구 아랫반송로26번길 33, 2층 (반송동)",051-542-3238,,129.1476515,35.2249466
480,하얀나라피부과의원,의원,부산해운대구,"부산광역시 해운대구 양운로 82, 501호 (좌동, 화인크리닉)",051-704-7057,http://www.whitenara.net/,129.1755732,35.1704651
481,뮤즈의원,의원,부산해운대구,"부산광역시 해운대구 센텀2로 20, 센텀타워메디컬 503호 (우동)",051-927-5222,,129.1320258,35.1671978
482,뮤즈의원,의원,부산진구,"부산광역시 부산진구 중앙대로 698, 3층 (부전동, 동강빌딩)",051-804-6561,,129.1320258,35.1671978
483,고운비뇨기과의원,의원,부산해운대구,"부산광역시 해운대구 재반로 89, 2층 (재송동)",051-783-7582,,129.1253273,35.1866839
484,스펀지성형외과의원,의원,부산해운대구,"부산광역시 해운대구 센텀2로 19, 302,303호(우동,센텀코아) (우동)",051-742-6999,,129.1325792,35.1674411
485,연세의원,의원,부산북구,"부산광역시 북구 만덕대로65번길 3, (덕천동)",051-335-0875,,129.119628,35.2036219
486,연세의원,의원,부산영도구,"부산광역시 영도구 와치로 250, 3층 (동삼동)",051-405-7797,,129.119628,35.2036219
487,연세의원,의원,부산해운대구,"부산광역시 해운대구 선수촌로 109-1, 301호 (반여동, 아시아드몰)",051-525-8175,,129.119628,35.2036219
488,센텀모빅스피부과의원,의원,부산해운대구,"부산광역시 해운대구 해운대로 313, 3층일부,4~7층 (우동)",051-742-5855,http://www.mobigs.co.kr,129.1326424,35.1730196
489,젠의원,의원,부산해운대구,"부산광역시 해운대구 센텀남대로 50, A904호 (우동, 센텀임페리얼)",051-918-7755,www.zenclinic.co.kr/,129.1313001,35.1681037
490,원영상의학과의원(The One MRI Clinic),의원,부산해운대구,"부산광역시 해운대구 센텀2로 25, 401호 (우동, 센텀드림월드)",051-937-0303,,129.132947,35.1669544
491,센텀시원정형외과의원,의원,부산해운대구,"부산광역시 해운대구 재반로 86, 2층 (재송동)",051-781-2119,,129.1257184,35.1862985
492,라온셀의원,의원,부산해운대구,"부산광역시 해운대구 중동1로 11, 우1동우체국 8층 (우동)",051-806-7666,,129.1611758,35.1639638
493,부산건우정형외과의원,의원,부산해운대구,"부산광역시 해운대구 좌동순환로 6, L TOWER 8-9층 (중동)",051-710-0001,,129.1680556,35.1672265
494,세프치과의원,치과의원,부산해운대구,"부산광역시 해운대구 해운대해변로 257, 707호 (우동)",051-915-2828,,129.1595211,35.159687
495,서울수치과의원,치과의원,부산해운대구,"부산광역시 해운대구 해운대로 814, 310호 (좌동, 세종월드프라자)",051-742-2875,,129.1776778,35.1695768
496,서울치과의원,치과의원,부산연제구,"부산광역시 연제구 중앙대로 1039, 2층 (연산동)",051-852-2882,,129.1183014,35.1986915
497,서울치과의원,치과의원,부산해운대구,"부산광역시 해운대구 선수촌로 53, 2~3층 (반여동)",051-544-5692,,129.1183014,35.1986915
498,라이프치과의원,치과의원,부산해운대구,"부산광역시 해운대구 중동1로 17, (중동)",051-746-8575,,129.1618527,35.1635378
499,미소담치과의원,치과의원,부산해운대구,"부산광역시 해운대구 재반로 150, 4층 (재송동)",051-783-7528,,129.1282604,35.1912677
500,우리들치과의원,치과의원,부산동래구,"부산광역시 동래구 반송로 339, 3층 (명장동)",051-525-2875,,129.1268114,35.1886612
501,우리들치과의원,치과의원,부산기장군,"부산광역시 기장군 기장읍 차성동로 75, (기장읍)",051-721-3061,,129.1268114,35.1886612
502,우리들치과의원,치과의원,부산해운대구,"부산광역시 해운대구 재반로 116, 3층 (재송동)",051-783-2340,,129.1268114,35.1886612
503,프랜드정치과의원,치과의원,부산해운대구,"부산광역시 해운대구 세실로 43, 305호 (좌동)",051-702-7744,http://www.friendnet.co.kr/contents/main/index.asp,129.17845,35.1687646
504,21세기치과의원,치과의원,부산동구,"부산광역시 동구 범일로 125, (범일동, 현대백화점)",051-633-2028,,129.1776778,35.1695768
505,21세기치과의원,치과의원,부산해운대구,"부산광역시 해운대구 해운대로 814, B동 424호 (좌동, 세종월드)",051-703-7533,,129.1776778,35.1695768
506,이사랑치과의원,치과의원,부산수영구,"부산광역시 수영구 수영로 599, (광안동)",051-758-2835,,129.1306583,35.1962368
507,이사랑치과의원,치과의원,부산사하구,"부산광역시 사하구 낙동대로 444, 2층 (당리동)",051-294-8275,,129.1306583,35.1962368
508,이사랑치과의원,치과의원,부산연제구,"부산광역시 연제구 명륜로 16, 4층 (거제동)",051-245-2877,,129.1306583,35.1962368
509,이사랑치과의원,치과의원,부산해운대구,"부산광역시 해운대구 재반로 213, 3층 (반여동)",051-781-2802,,129.1306583,35.1962368
510,이사랑치과의원,치과의원,부산기장군,"부산광역시 기장군 기장읍 읍내로 108, 3층 (미주빌딩)",051-724-2804,,129.1306583,35.1962368
511,연세뉴욕치과의원,치과의원,부산해운대구,"부산광역시 해운대구 센텀남대로 50, A1401호 (우동, 센텀임페리얼타워)",051-741-5955,,129.1313001,35.1681037
512,미소를만드는치과교정과치과의원,치과의원,부산동래구,"부산광역시 동래구 충렬대로 194, (명륜동)",051-552-7528,,129.1776778,35.1695768
513,미소를만드는치과교정과치과의원,치과의원,부산사하구,"부산광역시 사하구 하신중앙로 350, (하단동)",051-207-2842,,129.1776778,35.1695768
514,미소를만드는치과교정과치과의원,치과의원,부산해운대구,"부산광역시 해운대구 해운대로 814, B동 520,521호 (좌동, 세종월드프라자)",051-701-2875,,129.1776778,35.1695768
515,미소를만드는치과교정과치과의원,치과의원,부산진구,"부산광역시 부산진구 중앙대로 708, 13층 (부전동)",051-817-8228,,129.1776778,35.1695768
516,박성수소아청소년과의원,의원,부산해운대구,"부산광역시 해운대구 해운대로38번길 70, 3층 302호 (재송동)",051-783-0220,http://,129.1175913,35.191057
517,정혜인치과의원,치과의원,부산해운대구,"부산광역시 해운대구 해운대로 428, 209호 (우동, 동부올림픽타운상가)",051-747-2897,,129.1402172,35.1659184
518,마리나웰치과의원,치과의원,부산해운대구,"부산광역시 해운대구 해운대해변로 117, 상가동 2층 207호 (우동, 대우마리나1차아파트)",051-781-2879,,129.146599,35.1603177
519,이재호치과의원,치과의원,부산해운대구,"부산광역시 해운대구 재반로 78-1, 2층 (재송동)",051-782-7528,,129.1259446,35.1857099
520,바로본항외과의원,의원,부산해운대구,"부산광역시 해운대구 세실로 64, 201-3호 (좌동, 화목데파트)",051-754-7007,,129.177663,35.1709808
521,문한의원,한의원,부산해운대구,"부산광역시 해운대구 좌동순환로 245, 5층 (좌동, 성암빌딩)",051-702-7889,,129.1809857,35.1740364
522,정경한의원,한의원,부산해운대구,"부산광역시 해운대구 중동1로 12, 6층 (우동)",051-746-4018,,129.1609742,35.1636042
523,마리나메디컬의원,의원,부산해운대구,"부산광역시 해운대구 해운대해변로 154, 5층 (우동)",051-743-1661,,129.1485263,35.1581115
524,참나무향한의원,한의원,부산해운대구,"부산광역시 해운대구 좌동순환로 173, 5층 501호 (좌동, 영풍프라자)",626-1246,,129.1752749,35.1781714
525,센텀뉴욕치과의원,치과의원,부산해운대구,"부산광역시 해운대구 센텀남대로 50, 401호 (우동, 센텀임페리얼)",051-717-2853,,129.1313001,35.1681037
526,센텀숲정신건강의학과의원,의원,부산해운대구,"부산광역시 해운대구 센텀남대로 50, 센템임페리얼타워 A901일부호 (우동)",051-711-2113,,129.1313001,35.1681037
527,센텀소중한눈안과의원,의원,부산해운대구,"부산광역시 해운대구 센텀남대로 50, 1402호 (우동, 센텀임페리얼타워)",051-920-7788,,129.1313001,35.1681037
528,센텀밝은빛안과의원,의원,부산해운대구,"부산광역시 해운대구 센텀2로 20-20, 6층 603호 (우동, 센텀타워메디컬센타)",051-744-0096,http://www.centumeye.co.kr,129.1320258,35.1671978
529,올바른내과의원,의원,부산해운대구,"부산광역시 해운대구 중동1로 17, 3층 (중동, 해정빌딩)",051-743-7505,,129.1618527,35.1635378
530,한마음치과의원,치과의원,부산수영구,"부산광역시 수영구 수영로 707, (수영동)",051-751-1547,,129.1193242,35.2031837
531,한마음치과의원,치과의원,부산중구,"부산광역시 중구 중구로 47, (부평동1가)",051-245-2828,,129.1193242,35.2031837
532,한마음치과의원,치과의원,부산남구,"부산광역시 남구 용호로 147, (용호동, 한마음클리닉5층)",051-626-2872,,129.1193242,35.2031837
533,한마음치과의원,치과의원,부산해운대구,"부산광역시 해운대구 선수촌로 103-4, 6층 (반여동)",051-524-7528,,129.1193242,35.2031837
534,새아여성의원,의원,부산해운대구,"부산광역시 해운대구 재반로 199, 4층 (반여동, 새아빌딩)",051-782-7332,http://www.saea1999.com/,129.1304705,35.1951003
535,임태형내과의원,의원,부산해운대구,"부산광역시 해운대구 좌동순환로 441, 4층 (중동)",051-742-8002,,129.1725654,35.1613322
536,수마취통증의학과의원,의원,부산수영구,"부산광역시 수영구 과정로41번길 20, 메디플러스 5층 (망미동)",711-0066,,129.131122,35.1967654
537,수마취통증의학과의원,의원,부산해운대구,"부산광역시 해운대구 재반로 220, 오븐에꾸운닭 2층 (반여동)",051-524-8900,,129.131122,35.1967654
538,서울마취통증의학과의원,의원,부산북구,"부산광역시 북구 만덕대로 17, 2층 (덕천동)",051-337-7552,,129.1320258,35.1671978
539,서울마취통증의학과의원,의원,부산해운대구,"부산광역시 해운대구 센텀2로 20, 1303호 (우동, 센텀타워메디칼)",051-742-6275,,129.1320258,35.1671978
540,정앤김이비인후과의원,의원,부산해운대구,"부산광역시 해운대구 좌동순환로 174, 거성빌딩 402,802일부,901,902호 (좌동)",051-702-3937,,129.1750479,35.1776265
541,김준호안과의원,의원,부산해운대구,"부산광역시 해운대구 양운로 82, 404호 (좌동, 화인크리닉센타)",051-702-4110,,129.1755732,35.1704651
542,변의원,의원,부산해운대구,"부산광역시 해운대구 재반로 85, 2층 (재송동)",051-784-5247,,129.1253414,35.1863144
543,최성철내과의원,의원,부산해운대구,"부산광역시 해운대구 선수촌로 64, 2층 (반여동)",051-528-8844,,129.1189658,35.1993177
544,브니엘산부인과의원,의원,부산해운대구,"부산광역시 해운대구 달맞이길 30, 포디움동 2층 2073호 (중동, 엘시티)",051-742-9977,http://www.inbeauty.co.kr,129.1683765,35.161064
545,하늘빛안과의원,의원,부산해운대구,"부산광역시 해운대구 선수촌로 109-1, 2층 (반여동, 아시아드몰)",051-522-9393,,129.119628,35.2036219
546,김중규의원,의원,부산해운대구,"부산광역시 해운대구 재송2로 31, (재송동)",051-784-9403,,129.1303218,35.1923322
547,이&이치과의원,치과의원,부산해운대구,"부산광역시 해운대구 해운대로 407, 503호 (우동, 신세계프라자)",051-558-2828,,129.1406828,35.1678259
548,세방치과의원,치과의원,부산해운대구,"부산광역시 해운대구 센텀2로 10, 402호 (우동, 센텀메디컬센터)",051-755-0280,http://ofpclinic.wixsite.com/tmjclinic,129.1315304,35.1678325
549,웰재활의학과의원,의원,부산해운대구,"부산광역시 해운대구 재반로 116, 6층 (재송동, 일창빌딩)",051-782-7599,,129.1268114,35.1886612
550,아름다운의원,의원,부산북구,"부산광역시 북구 화명대로 34, 웰빙프라자 3층 302호 (화명동)",051-791-0975,,129.1193242,35.2031837
551,아름다운의원,의원,부산해운대구,"부산광역시 해운대구 선수촌로 103-4, 7층 (반여동)",051-525-7582,,129.1193242,35.2031837
552,센텀캘리포니아치과의원,치과의원,부산해운대구,"부산광역시 해운대구 센텀2로 15, 502호 (우동, 센텀브라이빌딩)",051-746-0211,http://www.centumca.com,129.1323537,35.1677016
553,황내과의원,의원,부산해운대구,"부산광역시 해운대구 좌동순환로 174, 401호 (좌동, 거성프라자)",051-702-6565,,129.1750479,35.1776265
554,한빛연합의원,의원,부산영도구,"부산광역시 영도구 상리로 33, (동삼동)",051-405-8633,,129.156813,35.1621623
555,한빛연합의원,의원,부산해운대구,"부산광역시 해운대구 해운대로 598, 2층 일부호 (우동)",051-752-7585,,129.156813,35.1621623
556,세민정형외과의원,의원,부산해운대구,"부산광역시 해운대구 중동1로 15-2, 2층 (우동)",051-743-5731,,129.161599,35.163709
557,최영주산부인과의원,의원,부산해운대구,"부산광역시 해운대구 해운대로 802, B동 302호 (좌동, 웅신시네아트)",051-704-2020,,129.1766569,35.1691635
558,이인훈소아청소년과의원,의원,부산해운대구,"부산광역시 해운대구 좌동순환로 301, 3층 (좌동, 금강빌딩)",051-703-0075-6,,129.1832772,35.1691765
559,인제대학교 해운대백병원,종합병원,부산해운대구,"부산광역시 해운대구 해운대로 875, (좌동)",051-797-0100,http://www.paik.ac.kr/haeundae/,129.182013,35.173443
560,부산성모안과병원,병원,부산해운대구,"부산광역시 해운대구 해운대로 409, (우동)",051-743-0775,http://www.sungmo.co.kr,129.1409696,35.1675364
561,준의원,의원,부산해운대구,"부산광역시 해운대구 마린시티2로 33, 104동 202,203호 (우동, 해운대두산위브더제니스)",051-931-0103,,129.145091,35.156667
562,준의원,의원,부산수영구,"부산광역시 수영구 광남로 199, (광안동)",051-755-0920,,129.145091,35.156667
563,센텀마취통증의학과의원,의원,부산해운대구,"부산광역시 해운대구 선수촌로 104-10, 선수촌빌딩 A동 4층 (반여동)",051-715-8998,,129.1199099,35.2026807
564,센텀타워치과의원,치과의원,부산해운대구,"부산광역시 해운대구 센텀2로 20, 1501-1502호 (우동, 센텀타워메디칼)",051-743-0012,http://www.ctdc.co.kr,129.1320258,35.1671978
565,이종철치과의원,치과의원,부산해운대구,"부산광역시 해운대구 재반로 239, (반여동)",051-784-2875,,129.1310654,35.1986393
566,더아름다운성형외과의원,의원,부산해운대구,"부산광역시 해운대구 센텀2로 15, 601호 (우동, 센텀브라이언)",051-747-7774,,129.1323537,35.1677016
567,미안의원,의원,부산진구,"부산광역시 부산진구 서면로 64, 3층 (부전동, 청석빌딩)",051-807-0128,http://www.centumchai.com,129.1377353,35.1702057
568,미안의원,의원,부산해운대구,"부산광역시 해운대구 해운대로 369, 6층 (우동, 해운대센텀메디컬)",746-2044,http://www.centumchai.com,129.1377353,35.1702057
569,예일의원,의원,부산해운대구,"부산광역시 해운대구 선수촌로 102-2, 6층 (반여동, 부원메디컬센터)",051-523-1003,,129.1196159,35.2027865
570,봄치과의원,치과의원,부산해운대구,"부산광역시 해운대구 해운대로 814, 세종월드프라자 216호 (좌동)",051-704-2279,,129.1776778,35.1695768
571,봄치과의원,치과의원,부산사하구,"부산광역시 사하구 다대로 279, (장림동)",051-266-2275,,129.1776778,35.1695768
572,센텀아시아치과의원,치과의원,부산해운대구,"부산광역시 해운대구 센텀동로 9, 상가 2층 226호 (우동, 트럼프월드센텀아파트)",051-900-8275,,129.1324214,35.1703962
573,예바치과교정과의원,치과의원,부산동래구,"부산광역시 동래구 동래로 25, 4층 (온천동)",051-791-2804,http://www.prettymiso.com,129.1313001,35.1681037
574,예바치과교정과의원,치과의원,부산해운대구,"부산광역시 해운대구 센텀남대로 50, 803호 (우동, 센텀임페리얼타워)",051-920-7755,http://www.prettymiso.com,129.1313001,35.1681037
575,센텀고운선형한의원,한의원,부산해운대구,"부산광역시 해운대구 센텀남대로 50, 602호 (우동, 센템임페리얼타워빌딩)",051-627-3366,,129.1313001,35.1681037
576,해운대구보건소 반송지소,보건지소,부산해운대구,"부산광역시 해운대구 반송로 853, (반송동, 반송보건지소)",749-5792,,129.1478997,35.2300562
577,미플러스센텀의원,의원,부산해운대구,"부산광역시 해운대구 센텀남대로 50, A402호 (우동, 센텀임페리얼)",051-742-9003,,129.1313001,35.1681037
578,선치과의원,치과의원,부산사하구,"부산광역시 사하구 낙동대로 440, 4층 (당리동, 향원빌딩)",051-207-2080,,129.1308011,35.1970097
579,선치과의원,치과의원,부산해운대구,"부산광역시 해운대구 재반로 221, (반여동)",051-781-2875,,129.1308011,35.1970097
580,권내과의원,의원,부산해운대구,"부산광역시 해운대구 반송로924번길 14, (반송동)",051-542-5666,,129.1554677,35.2320278
581,제니스라인치과교정과치과의원,치과의원,부산해운대구,"부산광역시 해운대구 마린시티2로 33, 104동 921호 (우동, 해운대두산위브더제니스)",051-746-2858,,129.145091,35.156667
582,녹십자의원,의원,부산해운대구,"부산광역시 해운대구 우동1로20번길 67, 2층 (우동)",051-742-0334,,129.1597489,35.1653589
583,녹십자의원,의원,부산기장군,"부산광역시 기장군 장안읍 해맞이로 427, ()",051-727-3355,,129.1597489,35.1653589
584,노블레스홍인식성형외과의원,의원,부산해운대구,"부산광역시 해운대구 센텀2로 33, 센텀뷰라움 3층 301.302.303호 (우동)",051-758-6636,http://noblessehong.com/,129.1334088,35.1664153
585,한사랑의원,의원,부산금정구,"부산광역시 금정구 동현로16번길 76, 3층 (부곡동)",051-512-3617,,129.1699934,35.1737687
586,한사랑의원,의원,부산해운대구,"부산광역시 해운대구 대천로67번길 4, 202,203호 (좌동, 해운대주공아파트상가)",051-731-0753,,129.1699934,35.1737687
587,토브성형외과의원,의원,부산해운대구,"부산광역시 해운대구 마린시티2로 33, 104동 924호 (우동, 해운대두산위브더제니스)",051-744-1031,,129.145091,35.156667
588,선경한의원,한의원,부산해운대구,"부산광역시 해운대구 양운로 98, (좌동,대하프라자 2층)",051-742-1091,,129.1748353,35.1716411
589,해운대봄한의원,한의원,부산해운대구,"부산광역시 해운대구 중동2로 12-1, 5층 (중동)",051-743-2300,,129.164576,35.163149
590,맑고고운의원,의원,부산해운대구,"부산광역시 해운대구 해운대로 650, 201동 501호 일부호 (우동, 해운대 센트럴 푸르지오)",0507-1389-7277,,129.1612447,35.164601
591,성모더오정신건강의학과의원,의원,부산해운대구,"부산광역시 해운대구 세실로 75, 5층 (좌동, 일진빌딩)",051-703-7555,,129.1767685,35.1712912
592,와이디정신건강의학과의원,의원,부산해운대구,"부산광역시 해운대구 해운대로 407, 신세계프라자 303 일부호 (우동)",051-747-8005,,129.1406828,35.1678259
593,해운대한겨레치과의원,치과의원,부산해운대구,"부산광역시 해운대구 해운대로 802, 310, 311호 (좌동, 웅신시네아트)",051-702-2132,,129.1766569,35.1691635
594,에스아산이비인후과의원,의원,부산해운대구,"부산광역시 해운대구 해운대로 814, 세종월드프라자 B동 419호,420호일부호 (좌동)",051-701-8575,,129.1776778,35.1695768
595,이브앤아담여성의원,의원,부산해운대구,"부산광역시 해운대구 센텀2로 20, 센텀타워메디컬 1203호 (우동)",051-743-7585,http://www.eveandadam.co.kr,129.1320258,35.1671978
596,황신경외과의원,의원,부산해운대구,"부산광역시 해운대구 신반송로 208, 6층 (반송동)",051-543-7776,,129.1575904,35.2307114
597,아이공감정신건강의학과의원,의원,부산해운대구,"부산광역시 해운대구 해운대로 369, 7층 (우동, 해운대센텀메디칼센타)",051-742-7515,http://www.igonggam.kr,129.1377353,35.1702057
598,반여센텀치과의원,치과의원,부산해운대구,"부산광역시 해운대구 선수촌로 7, 5층 (반여동, 반여센텀메디컬)",525-7528,,129.1185159,35.1944837
599,이승휘정신건강의학과의원,의원,부산해운대구,"부산광역시 해운대구 해운대로 620, 해운대 라뮤에뜨 219,220호 (우동)",051-741-7542,,129.1584586,35.1629713
600,올라잇치과의원,치과의원,부산해운대구,"부산광역시 해운대구 세실로 86, 3층 (좌동, 대천빌딩)",051-988-2875,,129.1765516,35.1723113
601,우리바른치과의원,치과의원,부산해운대구,"부산광역시 해운대구 양운로 110, 2층 (좌동)",051-743-2805,,129.1738822,35.1726479
602,김수권치과의원,치과의원,부산해운대구,"부산광역시 해운대구 센텀중앙로 145, 6동 216호 (재송동, 더샵센텀파크1차아파트)",051-743-2733,,129.1219424,35.1788329
603,센텀어린이치과의원,치과의원,부산해운대구,"부산광역시 해운대구 센텀중앙로 142, 상가1동 202호 (재송동, 더샵센텀파크2차아파트)",051-747-2855,,129.1235492,35.1790549
604,센텀한의원,한의원,부산해운대구,"부산광역시 해운대구 센텀중앙로 145, 상가6동 215호 (재송동, 더샵센텀파크 1차@)",051-744-5475,,129.1219424,35.1788329
605,센텀경희한의원,한의원,부산해운대구,"부산광역시 해운대구 센텀중앙로 90, 201,202호 (재송동, 큐비e센텀)",051-731-5454,,129.1264311,35.1754431
606,서울피부과의원,의원,부산해운대구,"부산광역시 해운대구 해운대해변로 154, 마리나센타 502호 (우동)",051-746-6345,http://www.beauty-all.co.kr,129.1485263,35.1581115
607,비타민피부과의원,의원,부산해운대구,"부산광역시 해운대구 좌동순환로 173, 8층 (좌동, 영풍프라자)",051-704-8275,,129.1752749,35.1781714
608,노선화산부인과의원,의원,부산해운대구,"부산광역시 해운대구 좌동순환로 173, 301호 (좌동, 영풍프라자)",051-702-9008,,129.1752749,35.1781714
609,좋은이웃치과의원,치과의원,부산해운대구,"부산광역시 해운대구 좌동순환로 76, 신도프라자 2층 (좌동)",051-746-6200,,129.1675374,35.1730911
610,예스유비뇨기과의원,의원,부산해운대구,"부산광역시 해운대구 해운대로 802, 318호 (좌동, 웅신시네아트)",051-702-8884,http://www.yyuro.co.kr,129.1766569,35.1691635
611,한선한의원,한의원,부산해운대구,"부산광역시 해운대구 해운대로 407, (우동, 프라자빌딩 501호, 502호)",051-743-6796,,129.1406828,35.1678259
612,해운대탄탄정형외과의원,의원,부산해운대구,"부산광역시 해운대구 좌동순환로 176, 장산빌딩 5층 (좌동)",051-704-1010,,129.175297,35.177565
613,센텀엘의원,의원,부산해운대구,"부산광역시 해운대구 센텀2로 15, 센텀브라이빌딩 201호, 202호 (우동)",051-723-3650,http://www.elclinic.net,129.1323537,35.1677016
614,큐의원,의원,부산해운대구,"부산광역시 해운대구 해운대로 277, (우동, 한성빌딩 4층)",051-746-7999,,129.1311451,35.1757915
615,큐의원,의원,부산강서구,"부산광역시 강서구 명지국제6로 246, 4층 (명지동)",051-711-7990,,129.1311451,35.1757915
616,센텀척신경외과의원,의원,부산해운대구,"부산광역시 해운대구 센텀2로 15, (우동, 센텀브라이언 5층,9층)",051-743-1300,http://diskall.co.kr,129.1323537,35.1677016
617,서울외과의원,의원,부산중구,"부산광역시 중구 구덕로 4, (광복동1가)",051-293-6206,,129.1755732,35.1704651
618,서울외과의원,의원,부산해운대구,"부산광역시 해운대구 양운로 82, 해운대화인크리닉센타 5층 502호 (좌동)",051-704-7273,,129.1755732,35.1704651
619,유정의원,의원,부산해운대구,"부산광역시 해운대구 송정중앙로 25, 2층 (송정동)",051-703-7934,,129.2035233,35.1828305
620,좌동소아청소년과의원,의원,부산해운대구,"부산광역시 해운대구 세실로 43, 경동코아 506호 (좌동)",051-804-1761,,129.17845,35.1687646
621,박준형피부과의원,의원,부산해운대구,"부산광역시 해운대구 해운대로 409, 501호 (우동, 굿팀메디털)",051-746-7547,,129.1409667,35.167541
622,씨앤유의원,의원,부산해운대구,"부산광역시 해운대구 센텀남대로 50, 센템임페리얼타워 1501호 (우동)",051-744-8889,,129.1313001,35.1681037
623,장산닥터남비뇨의학과의원,의원,부산해운대구,"부산광역시 해운대구 세실로 64, 310~312호 (좌동, 화목데파트)",051-702-5825,,129.177663,35.1709808
624,원내과의원,의원,부산해운대구,"부산광역시 해운대구 재반로63번길 32, 1층일부,2~3층 (재송동, 창광빌라)",051-783-8288,,129.1254808,35.1849885
625,리치치과의원,치과의원,부산수영구,"부산광역시 수영구 연수로315번길 16, 403-405호 (망미동, 더샵파크리치상가)",051-757-1022,,129.1608933,35.1617604
626,리치치과의원,치과의원,부산해운대구,"부산광역시 해운대구 구남로 27, (중동)",051-741-8833,,129.1608933,35.1617604
627,센텀내과의원,의원,부산해운대구,"부산광역시 해운대구 선수촌로 104-10, 선수촌빌딩 2,5층(일부),3층 (반여동)",051-710-0690,,129.1199099,35.2026807
628,반여가정의학과의원,의원,부산해운대구,"부산광역시 해운대구 재반로 227, 수협 2층 (반여동)",051-784-5005,,129.1308891,35.1975565
629,센텀화외과의원,의원,부산해운대구,"부산광역시 해운대구 해운대로 365, 201,701호 (우동)",051-710-8253,,129.1374368,35.1704318
630,유케이성형외과의원,의원,부산해운대구,"부산광역시 해운대구 해운대로 365, 6층 (우동)",051-710-8250,,129.1374368,35.1704318
631,e화이트치과의원,치과의원,부산해운대구,"부산광역시 해운대구 좌동순환로 182, 302호 (좌동, 명주빌딩)",051-702-7522,,129.1759802,35.1773842
632,임미란정신건강의학과의원,의원,부산해운대구,"부산광역시 해운대구 선수촌로 98, 경신빌딩 5층 (반여동)",051-949-1119,,129.1195202,35.2024093
633,바다여성산부인과의원,의원,부산해운대구,"부산광역시 해운대구 좌동순환로 506, 영풍리젠시 503호 (중동)",051-711-3355,,129.1687362,35.1661755
634,해운대구보건소 재반지소,보건지소,부산해운대구,"부산광역시 해운대구 해운대로61번길 28, (재송동, 재반보건지소)",051-749-6532,,129.1228326,35.1924207
635,아이들치과의원,치과의원,부산해운대구,"부산광역시 해운대구 마린시티3로 1, 339호 (우동, 선프라자오피스텔)",051-747-1317,,129.1475625,35.1580154
636,연세랑정신건강의학과의원,의원,부산해운대구,"부산광역시 해운대구 좌동순환로 506, 304호 (중동, 영풍리젠시)",051-731-1026,,129.1687362,35.1661755
637,참밝은안과의원,의원,부산해운대구,"부산광역시 해운대구 아랫반송로 12, 5층 (반송동)",051-544-7754,,129.1471653,35.2253583
638,뉴센치과의원,치과의원,부산해운대구,"부산광역시 해운대구 해운대로38번길 70, 3층 (재송동)",051-782-2875,,129.1175913,35.191057
639,해운대로치과의원,치과의원,부산해운대구,"부산광역시 해운대구 해운대해변로 335, CFC빌딩 2,3층 (중동)",051-741-8080,,129.166638,35.1631619
640,에코연합치과의원,치과의원,부산해운대구,"부산광역시 해운대구 중동1로 12, 2층 (우동, 해성빌딩)",051-741-5858,http://blog.naver.com/dentistmin,129.1609742,35.1636042
641,리엔하이피부과의원,의원,부산해운대구,"부산광역시 해운대구 해운대로 624, (우동)",051-714-2135,,129.1592545,35.1635728
642,나비솔한의원,한의원,부산해운대구,"부산광역시 해운대구 해운대로 802, B동 404호 (좌동, 웅신시네아트, 일부)",051-627-5678,http://www.smilejin.com,129.1766569,35.1691635
643,센텀아동병원,병원,부산해운대구,"부산광역시 해운대구 해운대로 407, 6층 (우동, 신세계프라자)",743-1588,,129.1406828,35.1678259
644,아이케이의원,의원,부산해운대구,"부산광역시 해운대구 센텀2로 25, 센텀드림월드 9층 902호 (우동)",051-710-7300,,129.132947,35.1669544
645,이든이비인후과의원,의원,부산해운대구,"부산광역시 해운대구 해운대로 600, 2층 (우동)",051-791-1700,,129.1569856,35.1622907
646,센텀부부치과의원,치과의원,부산해운대구,"부산광역시 해운대구 선수촌로 80, 3,4층 (반여동)",051-710-2898,,129.1193586,35.2008307
647,네이처치과의원,치과의원,부산해운대구,"부산광역시 해운대구 해운대로 415, 2층 201호 (우동)",051-715-2824,,129.1411817,35.1669113
648,조성호정형외과의원,의원,부산해운대구,"부산광역시 해운대구 해운대로91번길 10, (재송동)",051-782-1301,,129.1212434,35.1890753
649,더화이트치과의원,치과의원,부산해운대구,"부산광역시 해운대구 해운대로 632, 깨끗한 빌딩 6층 (우동)",051-742-7888,http://www.starwhite.co.kr,129.1598137,35.1638826
650,비스타안과의원,의원,부산해운대구,"부산광역시 해운대구 좌동순환로 505, 센트럴메디타워 1101호 일부호, 1102~1104호 (중동)",051-710-7100,,129.1682073,35.165667
651,사랑가득한내과의원,의원,부산해운대구,"부산광역시 해운대구 재반로 237, 6층 (반여동)",051-711-5711,,129.1310389,35.1983933
652,고의영치과의원,치과의원,부산해운대구,"부산광역시 해운대구 재반로 193-1, 3층 (반여동)",051-783-2636,,129.1304155,35.1945755
653,삼성뉴방외과의원,의원,부산해운대구,"부산광역시 해운대구 해운대로 794, 603호 (좌동, 삼정엘리움)",703-3651,http://www.samsungyubang.com,129.1757451,35.168815
654,해운대푸른바다어린이병원,병원,부산해운대구,"부산광역시 해운대구 좌동순환로 505, 센트럴메디타워 3층일부, 11층일부, 12.13층,205호~208호 (중동)",051-714-3501,,129.1682073,35.165667
655,센텀에코의원,의원,부산해운대구,"부산광역시 해운대구 센텀중앙로 145, 상가 7동 202-2호 (재송동, 더샵센텀파크1차아파트)",051-731-1522,http://,129.1219424,35.1788329
656,위강한의원,한의원,부산진구,"부산광역시 부산진구 가야대로 785, 성영빌딩 13층 1302호 (부전동)",051-714-0123,,129.1682073,35.165667
657,위강한의원,한의원,부산해운대구,"부산광역시 해운대구 좌동순환로 505, 센트럴메디타워 3층 301호 (중동)",051-731-7582,,129.1682073,35.165667
658,센텀삼성재활의학과의원,의원,부산해운대구,"부산광역시 해운대구 해운대로 365, 501호 (우동)",051-791-1112,,129.1374368,35.1704318
659,반송치과의원,치과의원,부산해운대구,"부산광역시 해운대구 반송로 926, (반송동, 반송치과의원)",051-542-5040,,129.1546422,35.2326212
660,아름다운휴치과의원,치과의원,부산해운대구,"부산광역시 해운대구 센텀중앙로 145, 6동 214호 (재송동, 더샵센텀파크상가)",051-744-3602,,129.1219424,35.1788329
661,이치과의원,치과의원,부산해운대구,"부산광역시 해운대구 해운대로 637, 3층 (우동, 메디현대빌딩)",051-743-2826,,129.1598774,35.1644999
662,이치과의원,치과의원,부산기장군,"부산광역시 기장군 기장읍 읍내로 105, 3층",051-721-2889,,129.1598774,35.1644999
663,이치과의원,치과의원,부산동래구,"부산광역시 동래구 안락로 128, (안락동)",051-529-8020,,129.1598774,35.1644999
664,이치과의원,치과의원,부산강서구,"부산광역시 강서구 낙동북로 74, 2층 (강동동)",051-971-2871,,129.1598774,35.1644999
665,이치과의원,치과의원,부산사하구,"부산광역시 사하구 다대로 253, 2,3층 (장림동)",051-265-2639,,129.1598774,35.1644999
666,정경민치과의원,치과의원,부산해운대구,"부산광역시 해운대구 해운대로 793, 2층 208호 (좌동, 자생한방병원)",051-701-0004,,129.175263,35.169667
667,해운대 한빛요양병원,요양병원,부산해운대구,"부산광역시 해운대구 반여로 156, 한빛요양병원 (반여동)",051-929-2000,,129.126204,35.2051371
668,조영치과의원,치과의원,부산해운대구,"부산광역시 해운대구 해운대로 802, 웅신시네아트 A동 311호 (좌동)",051-746-2525,,129.1766569,35.1691635
669,바로치과의원,치과의원,부산해운대구,"부산광역시 해운대구 해운대해변로 83, 4층 (우동, 경남마리나상가)",051-747-2280,,129.1423237,35.1616441
670,더젠의원,의원,부산해운대구,"부산광역시 해운대구 센텀남대로 50, A903호 (우동, 센텀임페리얼타워)",051-918-7756,http://www.thezenclinic.co.kr,129.1313001,35.1681037
671,영재치과의원,치과의원,부산해운대구,"부산광역시 해운대구 우동2로 50-12, (우동)",051-741-6757,,129.1571584,35.1683152
672,재송부부치과의원,치과의원,부산해운대구,"부산광역시 해운대구 재반로 83, (재송동)",051-784-7285,,129.1254221,35.186076
673,박주원치과의원,치과의원,부산해운대구,"부산광역시 해운대구 선수촌로 102, 3층 (반여동, 부원빌딩)",051-529-7434,,129.1195107,35.2025927
674,나라치과의원,치과의원,부산해운대구,"부산광역시 해운대구 좌동순환로 457, 401호 (중동,백송오피스텔)",051-731-2875,,129.1708374,35.1619867
675,연세소울정신건강의학과의원,의원,부산해운대구,"부산광역시 해운대구 해운대로 794, 504호 (좌동, 삼정엘리움)",051-791-0675,http://happyjunior.co.kr/,129.1757451,35.168815
676,해피덴치과의원,치과의원,부산해운대구,"부산광역시 해운대구 선수촌로 94, 4층 (반여동)",051-529-2879,,129.1195631,35.2021038
677,수미치과의원,치과의원,부산해운대구,"부산광역시 해운대구 좌동순환로 497-1, 1층 (중동)",051-702-1649,,129.1686981,35.1651684
678,메디우먼여성의원,의원,부산해운대구,"부산광역시 해운대구 해운대로 602, 해피투모로우마린 1층일부호,2층,5층 (우동)",051-731-4800,,129.1572157,35.162224
679,효성시티치과의원,치과의원,부산해운대구,"부산광역시 해운대구 해운대로 133, 2층 (재송동, 효성시티병원 별관)",051-781-7528,,129.1213025,35.1853084
680,서울참어린이치과의원,치과의원,부산해운대구,"부산광역시 해운대구 해운대로 814, 407,408호 (좌동, 세종월드프라자)",051-701-2879,,129.1776778,35.1695768
681,센텀루이스치과의원,치과의원,부산해운대구,"부산광역시 해운대구 센텀북대로 60, 201호 (재송동, 센텀아이에스타워)",051-780-8275,,129.1253774,35.1766639
682,CDC해운대어린이치과의원,치과의원,부산해운대구,"부산광역시 해운대구 좌동순환로 506, 804호 (중동, 영풍리젠시)",051-746-1275,http://hae.i275.co.kr/,129.1687362,35.1661755
683,가원치과의원,치과의원,부산해운대구,"부산광역시 해운대구 선수촌로 98, 2층 (반여동, 경산빌딩)",051-524-2080,,129.1195202,35.2024093
684,세현한의원,한의원,부산해운대구,"부산광역시 해운대구 좌동순환로 175, 대아프라자 5층 (좌동)",051-704-4375,,129.1755281,35.1781111
685,사암통도한의원,한의원,부산해운대구,"부산광역시 해운대구 마린시티2로 2, 605~6호 (우동, 마린파크)",051-747-8040,,129.1442096,35.15934
686,장성봉일침한의원,한의원,부산해운대구,"부산광역시 해운대구 중동2로 7, 4층 (중동)",051-747-1721,,129.1646127,35.1626853
687,금송한의원,한의원,부산진구,"부산광역시 부산진구 전포대로200번길 33, 2층 (전포동)",051-809-3194,,129.1312477,35.1974715
688,금송한의원,한의원,부산해운대구,"부산광역시 해운대구 재반로 228, 2층 (반여동)",051-996-4555,,129.1312477,35.1974715
689,장산부부한의원,한의원,부산해운대구,"부산광역시 해운대구 좌동순환로 80, (좌동)",051-743-7075,,129.167646,35.1734589
690,의료법인)제세의료재단 제세한의원,한의원,부산해운대구,"부산광역시 해운대구 해운대해변로 257, (우동, LG하버타운6층)",051-746-3033,,129.1595211,35.159687
691,해운대치과의원,치과의원,부산해운대구,"부산광역시 해운대구 중동2로 12-1, 4층 (중동, 우리은행)",051-743-1355,,129.164576,35.163149
692,어울림치과의원,치과의원,부산해운대구,"부산광역시 해운대구 해운대로 407, 305호 (우동, 신세계프라자)",051-742-0775,,129.1406828,35.1678259
693,모짜르트치과의원,치과의원,부산해운대구,"부산광역시 해운대구 해운대로 802, 305호 (좌동, 웅진시네아트)",051-701-1616,,129.1766569,35.1691635
694,노바치과의원,치과의원,부산수영구,"부산광역시 수영구 장대골로 4, (광안동)",051-751-2480,,129.1682073,35.165667
695,노바치과의원,치과의원,부산해운대구,"부산광역시 해운대구 좌동순환로 505, 9층 905~908호 (중동, 센트럴메디타워)",051-747-0100,,129.1682073,35.165667
696,덕바로치과의원,치과의원,부산해운대구,"부산광역시 해운대구 좌동순환로 505, 센트럴메디타워 5층 503~504호 (중동)",051-702-2806,,129.1682073,35.165667
697,삼성브레인신경과의원,의원,부산해운대구,"부산광역시 해운대구 해운대로 415, 601호 (우동)",051-747-2195,,129.1411817,35.1669113
698,조은항외과의원,의원,부산해운대구,"부산광역시 해운대구 좌동순환로 6, L TOWER 11층 (중동)",051-968-1000,,129.1680556,35.1672265
699,평거한의원,한의원,부산해운대구,"부산광역시 해운대구 좌동순환로 174, (좌동, 거성프라자 201호)",051-703-1275,,129.1750479,35.1776265
700,제일여성병원,병원,부산해운대구,"부산광역시 해운대구 좌동로 66-66, (중동)",051-743-7431,http://,129.173091,35.17073
701,플라워치과의원,치과의원,부산해운대구,"부산광역시 해운대구 해운대해변로 154, 2층 (우동, 마리나센터)",051-747-2275,,129.1485263,35.1581115
702,김현경안과의원,의원,부산해운대구,"부산광역시 해운대구 좌동순환로 174, 303호 (좌동, 거성프라자)",702-7788,,129.1750479,35.1776265
703,이웃집치과의원,치과의원,부산해운대구,"부산광역시 해운대구 좌동순환로 505, 센트럴메디타워 403,404호 (중동)",051-741-5151,,129.1682073,35.165667
704,흥재침구과한의원,한의원,부산해운대구,"부산광역시 해운대구 좌동순환로 173, 영풍프라자 4층 401호 (좌동)",051-703-0030,,129.1752749,35.1781714
705,참고운치과의원,치과의원,부산해운대구,"부산광역시 해운대구 아랫반송로 37, 3층 (반송동)",051-544-8275,,129.1496144,35.2242087
706,의료재단 로뎀요양병원,요양병원,부산해운대구,"부산광역시 해운대구 아랫반송로1번길 27-3, (반송동)",051-544-8899,,129.1469312,35.2267812
707,첫사랑니치과의원,치과의원,부산해운대구,"부산광역시 해운대구 센텀1로 9, 롯데갤러리움센텀 S동 3층 316호 (우동)",051-758-2887,,129.1310641,35.1676318
708,베리웰치과의원,치과의원,부산해운대구,"부산광역시 해운대구 세실로 75, 3층 (좌동, 일진빌딩)",051-702-2251,,129.1767685,35.1712912
709,이룸연합치과의원,치과의원,부산해운대구,"부산광역시 해운대구 재반로 86, 4층 (재송동)",051-783-2255,,129.1257184,35.1862985
710,바스키아의원,의원,부산해운대구,"부산광역시 해운대구 좌동순환로 505, 센트럴메디타워 401~402호 (중동)",051-742-6370,,129.1682073,35.165667
711,해운대365치과의원,치과의원,부산해운대구,"부산광역시 해운대구 좌동순환로 247, 유안빌딩 3층 (좌동)",051-703-0703,,129.1811618,35.1737755
712,이준희정형외과의원,의원,부산해운대구,"부산광역시 해운대구 아랫반송로 37, (반송동)",051-543-9564,,129.1496144,35.2242087
713,해운대온담치과의원,치과의원,부산해운대구,"부산광역시 해운대구 좌동순환로 176, 장산빌딩 4층 (좌동)",051-701-0111,,129.175297,35.177565
714,힐스의원,의원,부산해운대구,"부산광역시 해운대구 좌동순환로433번길 30-1, 해운대힐스테이트위브 313호 (중동)",051-988-1188,,129.1798461,35.1625239
715,센텀이룸여성의원,의원,부산해운대구,"부산광역시 해운대구 센텀2로 20, 센텀타워메디컬 1003,1103호 (우동)",051-758-8275,,129.1320258,35.1671978
716,리베라치과의원,치과의원,부산해운대구,"부산광역시 해운대구 구남로29번길 26, 4층 (중동, 해운빌딩)",051-747-7582,,129.1619558,35.1622657
717,마린성형외과의원,의원,부산해운대구,"부산광역시 해운대구 구남로29번길 32, 3층 (중동, 해운대빌딩)",051-747-9555,,129.1621275,35.1623863
718,기린정형외과의원,의원,부산해운대구,"부산광역시 해운대구 중동1로 39, 2층 일부, 3층 (중동)",051-741-6676,,129.1635698,35.1622316
719,상쾌한위앤장내과의원,의원,부산해운대구,"부산광역시 해운대구 재반로 169, 지하1층,1층일부,2~5층 (재송동)",051-784-8276,,129.1288947,35.1930266
720,임안과의원,의원,부산해운대구,"부산광역시 해운대구 신반송로 207, 4층 (반송동)",051-545-0015,,129.15741,35.2304351
721,성모이비인후과의원,의원,부산해운대구,"부산광역시 해운대구 해운대로 413, 2층 (우동)",051-741-5353,,129.1409576,35.1671171
722,성모이비인후과의원,의원,부산사상구,"부산광역시 사상구 낙동대로 786, 7층 (엄궁동)",051-316-1117,,129.1409576,35.1671171
723,성모이비인후과의원,의원,부산연제구,"부산광역시 연제구 거제천로 258, 월드빌스포츠센터 108호 일부호 (연산동)",051-852-8887,,129.1409576,35.1671171
724,해운대가족의원,의원,부산해운대구,"부산광역시 해운대구 우동2로 16, (우동)",051-747-9992,,129.160493,35.1661551
725,서울메트로의원,의원,부산해운대구,"부산광역시 해운대구 재반로 344, 서울메트로병원 (반여동)",051-540-9999,,129.1261222,35.20474
726,미의원,의원,부산해운대구,"부산광역시 해운대구 아랫반송로 12, 4층 (반송동)",051-545-3458,,129.1471653,35.2253583
727,미의원,의원,부산금정구,"부산광역시 금정구 금정로 83, 2층 (장전동)",051-518-5761,,129.1471653,35.2253583
728,동백한의원,한의원,부산해운대구,"부산광역시 해운대구 아랫반송로 23, 반송새마을금고 3, 4층 (반송동)",051-545-4500,,129.1487093,35.2251563
729,동백한의원,한의원,부산연제구,"부산광역시 연제구 거제천로 246, 3층 (연산동)",051-851-8118,,129.1487093,35.2251563
730,경희본한의원,한의원,부산해운대구,"부산광역시 해운대구 아랫반송로21번길 2, 2층 (반송동)",051-544-1075,,129.1485636,35.225332
731,고려의원,의원,부산서구,"부산광역시 서구 까치고개로 196, (아미동2가)",051-244-9464,,129.155582,35.2322411
732,고려의원,의원,부산영도구,"부산광역시 영도구 태종로 83, (대교동2가)",051-414-7777,,129.155582,35.2322411
733,고려의원,의원,부산해운대구,"부산광역시 해운대구 반송로924번길 13, 1층 (반송동)",070-4136-7575,,129.155582,35.2322411
734,박정숙소아청소년과의원,의원,부산해운대구,"부산광역시 해운대구 해운대해변로 83, 401호 (우동, 경남마리나상가)",051-746-0125,,129.1423237,35.1616441
735,조은마취통증의학과의원,의원,부산해운대구,"부산광역시 해운대구 좌동순환로 174, 502호 (좌동, 거성프라자)",051-702-8816,,129.1750479,35.1776265
736,문내과의원,의원,부산해운대구,"부산광역시 해운대구 재반로 193-1, (반여동)",051-784-2227,,129.1304155,35.1945755
737,닥터앰버치과의원,치과의원,부산해운대구,"부산광역시 해운대구 달맞이길117번가길 153, 3층 (중동)",051-951-0075,,129.1818054,35.1586963
738,센텀서울정형외과의원,의원,부산해운대구,"부산광역시 해운대구 선수촌로 103-4, 3, 4층 (반여동)",051-791-2500,,129.1193242,35.2031837
739,마린시티신경과의원,의원,부산해운대구,"부산광역시 해운대구 마린시티2로 2, 601~603호 (우동, 마린파크)",051-864-2744,,129.1442096,35.15934
740,호두내과의원,의원,부산해운대구,"부산광역시 해운대구 좌동순환로 505, 센트럴메디타워 801, 802호 (중동)",051-747-8877,,129.1682073,35.165667
741,시원재활의학과의원,의원,부산해운대구,"부산광역시 해운대구 좌동순환로 505, 센트럴메디타워 405,702-2,703호 (중동)",051-715-1275,,129.1682073,35.165667
742,정태영정신건강의학과의원,의원,부산해운대구,"부산광역시 해운대구 좌동순환로 505, 701호, 702-1호 (중동)",051-742-9898,,129.1682073,35.165667
743,서울미성형외과의원,의원,부산해운대구,"부산광역시 해운대구 좌동순환로 505, 1005호~1007호 (중동)",051-746-9965,,129.1682073,35.165667
744,서자영산부인과의원,의원,부산해운대구,"부산광역시 해운대구 선수촌로 102-2, 부원메디칼센타 4층 402호 (반여동)",051-525-0033,,129.1196159,35.2027865
745,푸른숲안과의원,의원,부산해운대구,"부산광역시 해운대구 해운대로 802, 웅신시네아트 2층 204호 (좌동)",051-702-7070,,129.1766569,35.1691635
746,그대고운피부과의원,의원,부산해운대구,"부산광역시 해운대구 세실로 64, 306~309호 (좌동, 화목데파트)",051-914-2400,,129.177663,35.1709808
747,청춘내과마취통증의학과의원,의원,부산해운대구,"부산광역시 해운대구 신반송로 194, 2층 8호 (반송동, 광하아파트)",051-714-7125,,129.160477,35.2302546
748,정우영정신건강의학과의원,의원,부산해운대구,"부산광역시 해운대구 중동1로 25-1, 3층 (중동)",051-741-9974,,129.1625433,35.1631041
749,느티나무내과의원,의원,부산해운대구,"부산광역시 해운대구 해운대해변로 83, 402호 (우동, 경남마리나상가)",051-743-1275,,129.1423237,35.1616441
750,해운대정신건강의학과의원,의원,부산해운대구,"부산광역시 해운대구 구남로29번길 38, (중동)",051-746-1585,www.haeundaenp.co.kr/,129.1623603,35.1626273
751,강보승이비인후과의원,의원,부산해운대구,"부산광역시 해운대구 구남로29번길 26, (중동)",051-744-2718,,129.1619558,35.1622657
752,삼정한의원,한의원,부산해운대구,"부산광역시 해운대구 센텀2로 10, 401호 (우동,센텀메디컬센타)",051-747-3587,,129.1315304,35.1678325
753,박이비인후과의원,의원,부산동구,"부산광역시 동구 중앙대로 383, (수정동, 메디칼센터)",051-463-7582,,129.1196159,35.2027865
754,박이비인후과의원,의원,부산해운대구,"부산광역시 해운대구 선수촌로 102-2, 3층 (반여동, 부원메디칼센터)",051-532-7300,,129.1196159,35.2027865
755,센텀에이스치과의원,치과의원,부산해운대구,"부산광역시 해운대구 센텀중앙로 48, 304호 (우동, 에이스하이테크21)",051-747-8275,,129.1299025,35.1730231
756,진안과의원,의원,부산해운대구,"부산광역시 해운대구 재반로 82, 3층 (재송동)",051-783-1005,,129.1257818,35.1860019
757,연세으랏차정형외과의원,의원,부산해운대구,"부산광역시 해운대구 세실로 64, 201호 (좌동, 화목데파트)",051-702-7598,,129.177663,35.1709808
758,이화내과의원,의원,부산해운대구,"부산광역시 해운대구 선수촌로 102-2, 4층 (반여동, 부원메디칼센터)",051-532-8575,,129.1196159,35.2027865
759,행복한내과의원,의원,부산해운대구,"부산광역시 해운대구 중동1로 26, 2,3층 (중동, 행복한메디칼)",051-741-3311,www.happydoc.co.kr/,129.1620822,35.1630081
760,경동한의원,한의원,부산해운대구,"부산광역시 해운대구 좌동순환로 503, (중동, 웰비치상가)",051-741-8312,,129.1683851,35.1653969
761,센텀튼튼정형외과의원,의원,부산해운대구,"부산광역시 해운대구 재반로 176, 301호 303호호 (재송동)",051-781-8575,,129.1297651,35.1930393
762,맑은샘내과의원,의원,부산해운대구,"부산광역시 해운대구 윗반송로 68, 2층 (반송동)",051-543-8275,,129.1570485,35.2301295
763,센텀삼성비뇨의학과의원,의원,부산해운대구,"부산광역시 해운대구 해운대로 369, 해운대센텀메디칼센터 2층 (우동)",051-742-7588,,129.1377353,35.1702057
764,여순소아청소년과의원,의원,부산해운대구,"부산광역시 해운대구 센텀동로 99, 2층 204,205호 (재송동, 벽산e 센텀클래스원)",051-784-3130,,129.1258461,35.1761561
765,아산정형외과의원,의원,부산해운대구,"부산광역시 해운대구 해운대로 407, 4층 (우동, 신세계프라자)",051-743-7582,,129.1406828,35.1678259
766,아이엘소아청소년과의원,의원,부산해운대구,"부산광역시 해운대구 마린시티2로 33, 721~3호 (우동, 해운대두산위브더제니스)",051-744-7585,,129.145091,35.156667
767,장정형외과의원,의원,부산해운대구,"부산광역시 해운대구 재반로 237, 3,4층 (반여동)",051-784-1119,http://haewoon-narae.co.kr,129.1310389,35.1983933
768,이정빈 정신건강의학과의원,의원,부산해운대구,"부산광역시 해운대구 좌동순환로 173, 7층 (좌동, 영풍프라자)",051-702-1006,,129.1752749,35.1781714
769,사랑가득한의원,한의원,부산해운대구,"부산광역시 해운대구 재반로 202, 2층 (반여동)",051-781-3681,,129.1308661,35.1952768
770,손정신건강의학과의원,의원,부산해운대구,"부산광역시 해운대구 재반로 86, 3층 (재송동)",051-781-9500,,129.1257184,35.1862985
771,제이엠가정의학과의원,의원,부산해운대구,"부산광역시 해운대구 센텀남대로 50, 센템임페리얼타워 2층 202 일부호, 센텀1로 9, S동 311, 312호 (우동)",051-791-0972,,129.1313001,35.1681037
772,해운대내과의원,의원,부산해운대구,"부산광역시 해운대구 해운대로 802, 웅신시네아트 A동 418,419,420호 (좌동)",051-704-5050,,129.1766569,35.1691635
773,세현마취통증의학과의원,의원,부산해운대구,"부산광역시 해운대구 해운대로 637, 2층 (우동, 메디현대빌딩)",051-743-7570,,129.1598774,35.1644999
774,성명준내과의원,의원,부산해운대구,"부산광역시 해운대구 세실로 77, 성부빌딩 3층 (좌동)",051-701-7575,,129.1765451,35.1714867
775,류마이지내과의원,의원,부산해운대구,"부산광역시 해운대구 반여로41번길 54, 꿈의메디컬 3, 4층 (반여동)",051-710-8200,,129.1189716,35.1975199
776,소피스의원,의원,부산해운대구,"부산광역시 해운대구 좌동순환로 505, 센트럴메디타워 1106~1108호 (중동)",051-715-1107,,129.1682073,35.165667
777,장산최내과의원,의원,부산해운대구,"부산광역시 해운대구 세실로 64, 203, 204, 204-1호 (좌동, 화목데파트)",051-702-5588,,129.177663,35.1709808
778,더큰아이소아청소년과의원,의원,부산해운대구,"부산광역시 해운대구 해운대로 794, 엘리움 201~203호, 902호 (좌동)",051-711-7878,,129.1757451,35.168815
779,제이린의원,의원,부산진구,"부산광역시 부산진구 중앙대로 672, 4층 일부 (부전동)",051-991-7575,,129.1314178,35.1714366
780,제이린의원,의원,부산해운대구,"부산광역시 해운대구 센텀동로 25, 219~220호 (우동, 대우월드마크센텀아파트)",051-742-9975,,129.1314178,35.1714366
781,리쥬브의원,의원,부산해운대구,"부산광역시 해운대구 센텀2로 25, 센텀드림월드 1003호 (우동)",051-808-0545,,129.132947,35.1669544
782,이슬기안과의원,의원,부산해운대구,"부산광역시 해운대구 해운대로 794, 602호 (좌동, 엘리움)",051-714-2800,,129.1757451,35.168815
783,아이맘소아청소년과의원,의원,부산해운대구,"부산광역시 해운대구 센텀중앙로 145, 상가1동 403호 (재송동, 더샵센텀파크1차아파트)",051-744-3930,,129.1219424,35.1788329
784,아이랑소아청소년과의원,의원,부산해운대구,"부산광역시 해운대구 좌동순환로 506, 504호 (중동, 영풍리젠시)",051-742-1518,,129.1687362,35.1661755
785,화인의원,의원,부산해운대구,"부산광역시 해운대구 선수촌로 57-30, 2층 (반여동)",051-710-8500,,129.1171579,35.1995635
786,부강비뇨의학과의원,의원,부산해운대구,"부산광역시 해운대구 좌동순환로 505, 센트럴메디타워 307호, 308호 (중동)",051-747-7200,,129.1682073,35.165667
787,메디컬오한의원부산센텀점,한의원,부산해운대구,"부산광역시 해운대구 센텀2로 25, 센텀드림월드 602호 (우동)",051-791-1077,,129.132947,35.1669544
788,재송한의원,한의원,부산해운대구,"부산광역시 해운대구 해운대로161번길 44, 1층 (재송동)",051-781-9977,,129.1254476,35.1855273
789,우정요양병원,요양병원,부산해운대구,"부산광역시 해운대구 좌동순환로 247, 2층, 6-9층 (좌동)",702-7994,,129.1811618,35.1737755
790,장산힐의원,의원,부산해운대구,"부산광역시 해운대구 좌동로 88, 울트라타워 1201호, 1301~1302호 (좌동)",051-704-7779,,129.174951,35.1719523
791,민들레치과의원,치과의원,부산해운대구,"부산광역시 해운대구 좌동로 96, (좌동, 블루수퀘어 A동 301호)",051-702-2875,,129.1756388,35.1721515
792,건강한장내과의원,의원,부산해운대구,"부산광역시 해운대구 아랫반송로 17, 4~5층 (반송동)",051-543-1088,,129.1481461,35.2255377
793,센텀월드치과의원,치과의원,부산해운대구,"부산광역시 해운대구 해운대로 381-3, 2층 (우동)",051-747-7528,,129.1385537,35.1694614
794,경희신한의원,한의원,부산해운대구,"부산광역시 해운대구 해운대로 802, B동 303호 (좌동, 웅신시네아트)",051-701-3175,,129.1766569,35.1691635
795,양현식치과의원,치과의원,부산해운대구,"부산광역시 해운대구 중동1로 35, (중동)",051-746-2245,,129.1633683,35.1624851
796,이성근치과의원,치과의원,부산해운대구,"부산광역시 해운대구 선수촌로 51, 2층 (반여동)",051-523-4789,,129.1182037,35.1985771
797,인동한의원,한의원,부산해운대구,"부산광역시 해운대구 중동1로 44, (중동)",051-742-3003,,129.1633523,35.1619094
798,유앤밸런스소아청소년과의원,의원,부산해운대구,"부산광역시 해운대구 좌동로 88, 울트라타워 10층 (좌동)",051-710-2176,,129.174951,35.1719523
799,뉴욕스마일치과의원,치과의원,부산해운대구,"부산광역시 해운대구 좌동로 88, 9층 903호 (좌동, 울트라타워 )",051-702-6677,http://nycdortho.com/,129.174951,35.1719523
800,김&정해운대병원,병원,부산해운대구,"부산광역시 해운대구 좌동로 88, 8층 (좌동, 울트라타워)",051-702-7017,,129.174951,35.1719523
801,보명당한의원,한의원,부산해운대구,"부산광역시 해운대구 좌동순환로 176, 2층 (좌동, 장산빌딩)",051-702-2175,,129.175297,35.177565
802,늘편한한의원,한의원,부산해운대구,"부산광역시 해운대구 선수촌로 104-10, 선수촌빌딩 2층 (반여동)",051-521-1075,,129.1199099,35.2026807
803,맥한의원,한의원,부산해운대구,"부산광역시 해운대구 해운대해변로 83, 404호 (우동, 경남마리나상가)",051-743-6184,,129.1423237,35.1616441
804,오후한의원,한의원,부산해운대구,"부산광역시 해운대구 마린시티2로 33, 104동 432호 (우동, 제니스스퀘어)",051-744-0678,,129.145091,35.156667
805,센텀릴리의원,의원,부산해운대구,"부산광역시 해운대구 센텀2로 15, 센텀브라이빌딩 4층 403호 (우동)",051-753-5113,,129.1323537,35.1677016
806,씨엔에스(CNS)해운대정형외과의원,의원,부산해운대구,"부산광역시 해운대구 마린시티2로 2, 마린파크 911~915호 (우동)",051-747-0205,,129.1442096,35.15934
807,박흥철치과의원,치과의원,부산해운대구,"부산광역시 해운대구 해운대로 814, 세종월드프라자 308호 (좌동)",051-711-7528,,129.1776778,35.1695768
808,수플러스치과의원,치과의원,부산해운대구,"부산광역시 해운대구 아랫반송로 17, 3층 (반송동)",051-545-2879,,129.1481461,35.2255377
809,노블레스성형외과의원,의원,부산해운대구,"부산광역시 해운대구 센텀2로 20, 센텀타워메디컬 3층 303호 (우동)",051-806-1101,http://www.noblesseclinic.com,129.1320258,35.1671978
810,손성락정신건강의학과의원,의원,부산해운대구,"부산광역시 해운대구 선수촌로 109-1, 반여아시아드몰 202호 (반여동)",051-531-8875,,129.119628,35.2036219
811,박영숙정신건강의학과의원,의원,부산해운대구,"부산광역시 해운대구 센텀2로 20, 804호 (우동, 센텀타워메디칼)",051-525-2175,,129.1320258,35.1671978
812,정혜경소아청소년과의원,의원,부산해운대구,"부산광역시 해운대구 삼어로 61, 204호 (반여동, 우방신세계타운주상가)",051-521-1680,,129.1154214,35.2037503
813,신세기이비인후과의원,의원,부산해운대구,"부산광역시 해운대구 세실로 43, 301호 (좌동)",051-704-0370,http://www.sinsegient.co.kr,129.17845,35.1687646
814,사랑이꽃피는한의원,한의원,부산해운대구,"부산광역시 해운대구 좌동순환로 506, 영풍리젠시 302,303,404,803호 (중동)",051-747-8889,,129.1687362,35.1661755
815,박종권신경과의원,의원,부산해운대구,"부산광역시 해운대구 재반로12번길 27, 1층 (재송동)",051-783-3770,,129.1275415,35.1807932
816,아름다운내과의원,의원,부산해운대구,"부산광역시 해운대구 좌동로 88, 701호 (좌동, 울트라타워)",051-701-6699,,129.174951,35.1719523
817,해찬한의원,한의원,부산해운대구,"부산광역시 해운대구 좌동로 88, 울트라타워 203호 (좌동)",051-702-6210,,129.174951,35.1719523
818,시원의원,의원,부산해운대구,"부산광역시 해운대구 좌동로 95, 해운대동대문상가 3층 301~302호 (좌동)",051-704-7575,,129.1753985,35.1728281
819,다나산부인과의원,의원,부산해운대구,"부산광역시 해운대구 재반로 213, (반여동, 3층)",051-781-3900,,129.1306583,35.1962368
820,해아림한의원부산센텀점,한의원,부산해운대구,"부산광역시 해운대구 센텀2로 24, 센텀다이아몬드 202호 (우동)",051-731-1075,,129.1324555,35.1666813
821,비치안의원,의원,부산해운대구,"부산광역시 해운대구 좌동로 88, 3층 (좌동)",701-0752,http://www.bichian.com/,129.174951,35.1719523
822,의료법인 열린의료재단 해운대열린의원,의원,부산해운대구,"부산광역시 해운대구 마린시티3로 1, 316-320호 (우동, 썬프라자)",051-731-0626,,129.1475625,35.1580154
823,누리마루한의원,한의원,부산해운대구,"부산광역시 해운대구 마린시티3로 23, (우동, 벽산e오렌지프라자 309, 310호)",051-744-5959,,129.1469306,35.1566471
824,봄봄한의원,한의원,부산해운대구,"부산광역시 해운대구 마린시티3로 23, 벽산이오렌지프라자 229호~230호 (우동)",051-731-1276,,129.1469306,35.1566471
825,이롬치과의원,치과의원,부산해운대구,"부산광역시 해운대구 반여로 104-10, 305호 (반여동, 아시아선수촌프레스센터)",051-526-3590,,129.1236087,35.2009199
826,순메디컬의원,의원,부산해운대구,"부산광역시 해운대구 재반로 253-1, 문훈치과 2층 (반여동)",051-784-2243,,129.1312945,35.1999915
827,센텀일신소아청소년과의원,의원,부산해운대구,"부산광역시 해운대구 센텀동로 90, 201호 (재송동, 센텀필2)",051-782-0002,www.ilsinsoa.com/,129.1272462,35.1757388
828,센텀쁘띠의원,의원,부산해운대구,"부산광역시 해운대구 센텀동로 9, 206~207호 (우동, 트럼프월드센텀아파트)",051-731-0630,,129.1324214,35.1703962
829,센텀가정의원,의원,부산해운대구,"부산광역시 해운대구 센텀동로 6, 3층 (우동, 삼성홈플러스)",051-609-8161,,129.1336852,35.1709266
830,삼성공감정신건강의학과의원,의원,부산해운대구,"부산광역시 해운대구 센텀동로 9, 221호 (우동, 트럼프월드센텀아파트)",051-746-3302,,129.1324214,35.1703962
831,정우영소아청소년과의원,의원,부산해운대구,"부산광역시 해운대구 센텀동로 25, A동 224호 (우동, 대우월드마크센텀아파트)",051-746-3332,,129.1314178,35.1714366
832,센텀리더스치과의원,치과의원,부산해운대구,"부산광역시 해운대구 센텀동로 90, 208,209호 (재송동, 센텀필2관)",051-783-3125,,129.1272462,35.1757388
833,센텀수한의원,한의원,부산해운대구,"부산광역시 해운대구 센텀동로 9, 2층 223호 (우동, 트럼프월드센텀아파트)",051-741-3357,,129.1324214,35.1703962
834,일승한의원,한의원,부산해운대구,"부산광역시 해운대구 세실로 45, 405호 (좌동, 대승프라자)",051-702-5180,,129.1782898,35.1690009
835,이헌용외과의원,의원,부산해운대구,"부산광역시 해운대구 선수촌로 165, 1~2층 (반여동)",051-523-8254,,129.1227156,35.2076644
836,튼튼어린이치과의원,치과의원,부산해운대구,"부산광역시 해운대구 선수촌로 66, 3층 (반여동)",051-528-1275,,129.1191803,35.1993895
837,예화인여성의원,의원,부산해운대구,"부산광역시 해운대구 센텀2로 15, (우동, 센텀브라이언1동802호)",051-747-4500,,129.1323537,35.1677016
838,결치과의원,치과의원,부산해운대구,"부산광역시 해운대구 중동1로 25-2, 2층 (중동)",051-744-7528,,129.1625952,35.1629832
839,위아더성형외과의원,의원,부산해운대구,"부산광역시 해운대구 해운대로 415, 9층 (우동)",051-715-8884,,129.1411817,35.1669113
840,의료법인인본의료재단해운대자명병원,정신병원,부산해운대구,"부산광역시 해운대구 해운대로469번가길 75-75, (우동)",051-780-5566,http://www.jmmh.co.kr/,129.1460683,35.1676968
841,로뎀소아청소년과의원,의원,부산해운대구,"부산광역시 해운대구 해운대로 365, 8층 (우동)",051-937-2020,,129.1374368,35.1704318
842,시그널성형외과의원,의원,부산해운대구,"부산광역시 해운대구 센텀남대로 50, 센템임페리얼타워빌딩 301호 (우동)",051-715-9007,,129.1313001,35.1681037
843,카멜리아한의원,한의원,부산해운대구,"부산광역시 해운대구 마린시티1로 167, 202~5호 (우동, 현대카멜리아)",051-743-7525,,129.1501748,35.157668
844,조경일안과의원,의원,부산해운대구,"부산광역시 해운대구 구남로29번길 38, (중동)",051-747-4656,,129.1623603,35.1626273
845,제노시스디엔에이(DNA)의원,의원,부산해운대구,"부산광역시 해운대구 달맞이길 30, 포디움동 2005, 2006호 (중동, 엘시티)",051-746-1007,,129.1683765,35.161064
846,기생한의원,한의원,부산해운대구,"부산광역시 해운대구 세실로 48, 211호 (좌동, 삼정코아)",051-722-7665,,129.178542,35.1695609
847,서울안과의원,의원,부산해운대구,"부산광역시 해운대구 세실로 43, 306호 (좌동, 경동코아빌딩)",051-702-7575,http://www.seouleye.kr,129.17845,35.1687646
848,해운누리한의원,한의원,부산해운대구,"부산광역시 해운대구 세실로 48, 213, 216호 (좌동, 해운대삼정코아주상복합)",051-715-4723,,129.178542,35.1695609
849,의료법인 한세의료재단 한세병원,병원,부산해운대구,"부산광역시 해운대구 세실로 31, 대승프라임 6층 (좌동)",051-702-6000,,129.179072,35.1678345
850,아침한의원,한의원,부산해운대구,"부산광역시 해운대구 세실로 48, 207호 (좌동)",051-704-8875,,129.178542,35.1695609
851,희망한의원,한의원,부산해운대구,"부산광역시 해운대구 세실로 87, 영진파스타 401호 (좌동)",051-791-0031,,129.1760483,35.1722169
852,센텀아나파마취통증의학과의원,의원,부산해운대구,"부산광역시 해운대구 재반로 82, 장안빌딩 4층 (재송동)",051-912-7870,,129.1257818,35.1860019
853,서울한의원,한의원,부산기장군,"부산광역시 기장군 기장읍 차성동로87번길 8, (기장읍)",051-724-2800,,129.1254221,35.186076
854,서울한의원,한의원,부산해운대구,"부산광역시 해운대구 재반로 83, 4층 1호 (재송동)",051-781-3888,,129.1254221,35.186076
855,달맞이요양병원,요양병원,부산해운대구,"부산광역시 해운대구 달맞이길117번나길 30, (중동)",051-744-5275,,129.1811843,35.1584119
856,의료법인 해올의료재단 힐마루요양병원,요양병원,부산해운대구,"부산광역시 해운대구 달맞이길117번나길 174, (중동, 아식스신발연구소)",051-715-6000,,129.1852253,35.1640935
857,의료법인 한세의료재단 효은요양병원,요양병원,부산해운대구,"부산광역시 해운대구 달맞이길117번나길 24, (중동)",051-746-8787,,129.1808924,35.158238
858,유창현외과의원,의원,부산해운대구,"부산광역시 해운대구 센텀3로 32, 402호 (우동, 트럼프월드센텀2 상가)",051-747-0400,,129.1335907,35.1666114
859,반여센텀소아청소년과의원,의원,부산해운대구,"부산광역시 해운대구 선수촌로 65-25, 우진빌딩 1,3,4,5층 (반여동)",051-532-0555,,129.1175268,35.1996918
860,엘스타의원,의원,부산해운대구,"부산광역시 해운대구 해운대해변로 277, 다옴빌딩 4층 일부호 (중동)",051-741-8225,http://www.starwhiteface.co.kr/,129.161562,35.1598862
861,해운대뉴욕치과의원,치과의원,부산해운대구,"부산광역시 해운대구 양운로 82, 3층 (좌동, 화인크리닉센타)",051-703-2845,,129.1755732,35.1704651
862,김명진치과의원,치과의원,부산해운대구,"부산광역시 해운대구 양운로 82, 901호 (좌동, 화인크리닉센타)",051-701-2150,,129.1755732,35.1704651
863,신통한의원,한의원,부산해운대구,"부산광역시 해운대구 양운로 82, (좌동)",051-701-2000,,129.1755732,35.1704651
864,한마음한의원,한의원,부산해운대구,"부산광역시 해운대구 양운로 122, (좌동)",051-704-4575,,129.173104,35.173552
865,에이케이정형외과의원,의원,부산해운대구,"부산광역시 해운대구 양운로 98, 504,505호 (좌동, 대하프라자)",051-702-7757,,129.1748353,35.1716411
866,해운대윤정형외과의원,의원,부산해운대구,"부산광역시 해운대구 양운로 82, 해운대화인크리닉센타 7층 701~704호 (좌동)",051-702-0114,,129.1755732,35.1704651
867,백정형외과의원,의원,부산해운대구,"부산광역시 해운대구 양운로 92, 나하나빌딩 8층 (좌동)",051-928-0100,,129.1749351,35.171238
868,위앤장내과의원,의원,부산해운대구,"부산광역시 해운대구 양운로 82, 해운대화인크리닉센타 10층 (좌동)",051-702-0675,,129.1755732,35.1704651
869,연세이비인후과의원,의원,부산해운대구,"부산광역시 해운대구 양운로 82, 402호 (좌동, 화인크리닉)",051-703-7582,,129.1755732,35.1704651
870,임용빈신경과의원,의원,부산해운대구,"부산광역시 해운대구 양운로 82, 해운대화인크리닉센타 5층 503호 (좌동)",051-701-9700,,129.1755732,35.1704651
871,반송한의원,한의원,부산해운대구,"부산광역시 해운대구 윗반송로31번길 97, (반송동)",051-542-9090,,129.154885,35.2321404
872,부산예치과의원,치과의원,부산해운대구,"부산광역시 해운대구 센텀3로 20, 벡스코 비지니스호텔 207-4호 (우동)",051-741-7790,http://www.busan.yedental.net,129.1329585,35.1678901
873,라띠엔느의원,의원,부산해운대구,"부산광역시 해운대구 센텀3로 20, 벡스코 비지니스호텔 203호 (우동)",051-702-4431,,129.1329585,35.1678901
874,부강 강치과의원,치과의원,부산해운대구,"부산광역시 해운대구 센텀3로 20, 203-1호 (우동, 벡스코 비지니스호텔)",051-242-2080,,129.1329585,35.1678901
875,장산한의원,한의원,부산해운대구,"부산광역시 해운대구 해운대로383번길 45, 2층 (우동)",051-747-7709,,129.1392411,35.1709991
876,이동윤한의원,한의원,부산해운대구,"부산광역시 해운대구 해운대로383번길 5, (우동)",051-741-5566,,129.138628,35.1695141
877,보스턴치과의원,치과의원,부산해운대구,"부산광역시 해운대구 선수촌로 58, 3층 (반여동)",051-531-2833,,129.1188858,35.1989504
878,소통마취통증의학과의원(의원471),의원,부산해운대구,"부산광역시 해운대구 아랫반송로 17, (반송동)",051-543-7511,,129.1481461,35.2255377
879,의료법인화인의료재단센텀화인요양병원,요양병원,부산해운대구,"부산광역시 해운대구 해운대로76번길 12, (재송동)",051-784-7297,www.centumhospital.kr/,129.1193753,35.19085
880,홍진욱비뇨의학과의원,의원,부산해운대구,"부산광역시 해운대구 해운대로 794, 엘리움 301호, 302일부호 (좌동)",051-742-7575,,129.1757451,35.168815
881,로얄키즈소아청소년과의원,의원,부산해운대구,"부산광역시 해운대구 양운로 82, 604호 (좌동, 화인크리닉센터)",051-704-4111,,129.1755732,35.1704651
882,센텀희여성의원,의원,부산해운대구,"부산광역시 해운대구 센텀북대로 60, 센텀아이에스타워 1층 108호 (재송동)",051-710-2021,,129.1253774,35.1766639
883,소망한의원,한의원,부산해운대구,"부산광역시 해운대구 양운로 108, 3층 (좌동)",051-702-0515,,129.1740332,35.1724558
884,의료법인 인당의료재단 해운대부민병원,종합병원,부산해운대구,"부산광역시 해운대구 해운대로 584, (우동)",602-8000,,129.1556545,35.1614208
885,다시봄요양병원,요양병원,부산해운대구,"부산광역시 해운대구 해운대로 604, 명성빌딩 5~10층 (우동)",051-741-5668,,129.157347,35.1624655
886,풀의우주한의원,한의원,부산해운대구,"부산광역시 해운대구 좌동순환로8번길 54-13, 1,2층 (중동)",051-710-5475,,129.1697454,35.1690866
