,요양기관명,시군구코드명,주소,전화번호,좌표(X),좌표(Y)
0,햇님약국,부산금정구,"부산광역시 금정구 중앙대로1685번길 15, 1층 (부곡동)",051-582-6119,129.1690227,35.1660473
1,햇님약국,부산해운대구,"부산광역시 해운대구 좌동순환로 502, 이룸제이타워 109호 (중동)",051-747-0881,129.1690227,35.1660473
2,파랑약국,부산해운대구,"부산광역시 해운대구 선수촌로 94, 대룡빌딩 102호 (반여동)",051-526-8900,129.1195631,35.2021038
3,장산약국,부산해운대구,"부산광역시 해운대구 좌동순환로 174, 102,103호 (좌동)",051-702-0078,129.1750479,35.1776265
4,장산약국,부산해운대구,"부산광역시 해운대구 좌동순환로 174, 102,103호 (좌동)",051-702-0078,129.1217477,35.2059254
5,장산약국,부산해운대구,"부산광역시 해운대구 선수촌로 144, (반여동)",051-525-1811,129.1750479,35.1776265
6,장산약국,부산해운대구,"부산광역시 해운대구 선수촌로 144, (반여동)",051-525-1811,129.1217477,35.2059254
7,큰사랑약국,부산사하구,"부산광역시 사하구 다대로 317-1, (장림동)",051-263-1701,129.148721,35.2253256
8,큰사랑약국,부산사하구,"부산광역시 사하구 낙동대로 438, 1층 (당리동)",051-293-7488,129.148721,35.2253256
9,큰사랑약국,부산사상구,"부산광역시 사상구 백양대로 430, 120호 (주례동, 대성상가)",051-326-5890,129.148721,35.2253256
10,큰사랑약국,부산해운대구,"부산광역시 해운대구 아랫반송로23번길 5, 1층 (반송동)",051-542-2311,129.148721,35.2253256
11,큰사랑약국,부산기장군,"부산광역시 기장군 정관읍 정관로 569, 정관 제일타워 404호",051-727-9780,129.148721,35.2253256
12,부원약국,부산해운대구,"부산광역시 해운대구 선수촌로 102-2, 부원메디칼센타 2층 (반여동)",051-531-5310,129.1196159,35.2027865
13,송정약국,부산해운대구,"부산광역시 해운대구 송정중앙로 29, 뉴송정하우스 1층 (송정동)",051-703-4356,129.203961,35.1825649
14,우리약국,부산수영구,"부산광역시 수영구 광안로 4, 광안동에스케이뷰 106동 104호 (광안동)",051-751-7674,129.1620822,35.1630081
15,우리약국,부산수영구,"부산광역시 수영구 민락로6번길 31, 1층 (민락동)",051-753-3825,129.1620822,35.1630081
16,우리약국,부산사하구,"부산광역시 사하구 낙동대로 212, 1층 (괴정동)",051-202-2311,129.1620822,35.1630081
17,우리약국,부산금정구,"부산광역시 금정구 공단로 5, (금사동)",531-8458,129.1620822,35.1630081
18,우리약국,부산진구,"부산광역시 부산진구 당감로 47-2, 1층 (당감동)",051-895-6448,129.1620822,35.1630081
19,우리약국,부산동래구,"부산광역시 동래구 사직북로 16, 1층 일부호 (사직동)",051-506-7933,129.1620822,35.1630081
20,우리약국,부산동구,"부산광역시 동구 중앙대로286번길 3, 1층 (초량동)",051-466-0940,129.1620822,35.1630081
21,우리약국,부산동래구,"부산광역시 동래구 아시아드대로 224, 1층 일부호 (온천동)",051-503-5115,129.1620822,35.1630081
22,우리약국,부산수영구,"부산광역시 수영구 황령산로8번길 54, (남천동)",051-612-6500,129.1620822,35.1630081
23,우리약국,부산해운대구,"부산광역시 해운대구 중동1로 26, (중동)",051-741-5554,129.1620822,35.1630081
24,우리약국,부산남구,"부산광역시 남구 수영로266번길 37, 109호 (대연동, 우성2)",627-6315,129.1620822,35.1630081
25,우리약국,부산수영구,"부산광역시 수영구 구락로 69, (망미동)",051-756-0265,129.1620822,35.1630081
26,우리약국,부산기장군,"부산광역시 기장군 정관읍 정관로 561, 정관타워 107호",051-728-7144,129.1620822,35.1630081
27,우리약국,부산북구,"부산광역시 북구 화명대로 42, (화명동)",051-333-5171,129.1620822,35.1630081
28,우리약국,부산서구,"부산광역시 서구 까치고개로 216, (아미동1가)",051-243-6900,129.1620822,35.1630081
29,우리약국,부산사상구,"부산광역시 사상구 새벽로 166, 1층 (감전동)",051-317-0997,129.1620822,35.1630081
30,우리약국,부산진구,"부산광역시 부산진구 범일로 186, 1층 (범천동)",051-637-9277,129.1620822,35.1630081
31,우리약국,부산남구,"부산광역시 남구 용호로 154, 2층 (용호동, 용호메디칼센타)",621-7227,129.1620822,35.1630081
32,화목2층약국,부산해운대구,"부산광역시 해운대구 세실로 64, 2층 201-2호 (좌동, 화목데파트)",051-701-8608,129.177663,35.1709808
33,굿모닝약국,부산동래구,"부산광역시 동래구 충렬대로 353, (안락동, 1층 일부)",070-8829-7775,129.1303218,35.1923322
34,굿모닝약국,부산금정구,"부산광역시 금정구 서동로 168, 송월빌딩 1층 102호 (서동)",051-757-5252,129.1303218,35.1923322
35,굿모닝약국,부산해운대구,"부산광역시 해운대구 재송2로 31, (재송동)",051-783-5775,129.1303218,35.1923322
36,굿모닝약국,부산중구,"부산광역시 중구 흑교로52번길 6-1, 1층 (보수동1가)",051-253-1963,129.1303218,35.1923322
37,동부약국,부산해운대구,"부산광역시 해운대구 재반로 153, (재송동)",051-783-4285,129.1279705,35.1917989
38,바른약국,부산사하구,"부산광역시 사하구 사하로 201, 1층 (괴정동)",051-203-0406,129.1614624,35.1636295
39,바른약국,부산진구,"부산광역시 부산진구 새싹로 201, 1층 (초읍동)",051-791-2215,129.1614624,35.1636295
40,바른약국,부산남구,"부산광역시 남구 우암로 134, 삼진빌딩 1층 (감만동)",051-939-7380,129.1614624,35.1636295
41,바른약국,부산동래구,"부산광역시 동래구 충렬대로 252, 101호 (수안동)",,129.1614624,35.1636295
42,바른약국,부산기장군,"부산광역시 기장군 장안읍 해맞이로 9, 1층",051-727-5123,129.1614624,35.1636295
43,바른약국,부산해운대구,"부산광역시 해운대구 중동1로 15-3, 1층 (우동)",051-711-9070,129.1614624,35.1636295
44,바른약국,부산진구,"부산광역시 부산진구 중앙대로 801, 102호 (부전동)",051-816-9888,129.1614624,35.1636295
45,바른약국,부산북구,"부산광역시 북구 사상로 599, (구포동)",051-301-7502,129.1614624,35.1636295
46,바른약국,부산사하구,"부산광역시 사하구 다대로 263, 109호 (장림동)",051-264-2356,129.1614624,35.1636295
47,바른약국,부산사하구,"부산광역시 사하구 다대로 544, 진요빌딩 106-1호 (다대동)",051-265-8911,129.1614624,35.1636295
48,바른약국,부산동구,"부산광역시 동구 고관로 126, 1층 (수정동)",051-710-5512,129.1614624,35.1636295
49,바른약국,부산연제구,"부산광역시 연제구 월드컵대로 186, (거제동)",051-865-1650,129.1614624,35.1636295
50,행복한약국,부산해운대구,"부산광역시 해운대구 구남로29번길 26, (중동)",051-731-0677,129.1619558,35.1622657
51,행복한약국,부산해운대구,"부산광역시 해운대구 구남로29번길 26, (중동)",051-731-0677,129.1326424,35.1730196
52,행복한약국,부산사하구,"부산광역시 사하구 장평로 291, 1층 (신평동)",051-204-1255,129.1619558,35.1622657
53,행복한약국,부산사하구,"부산광역시 사하구 장평로 291, 1층 (신평동)",051-204-1255,129.1326424,35.1730196
54,행복한약국,부산해운대구,"부산광역시 해운대구 해운대로 313, 1층 (우동)",051-746-3373,129.1619558,35.1622657
55,행복한약국,부산해운대구,"부산광역시 해운대구 해운대로 313, 1층 (우동)",051-746-3373,129.1326424,35.1730196
56,행복한약국,부산수영구,"부산광역시 수영구 수영로 611, 1층 (광안동)",051-753-1888,129.1619558,35.1622657
57,행복한약국,부산수영구,"부산광역시 수영구 수영로 611, 1층 (광안동)",051-753-1888,129.1326424,35.1730196
58,행복한약국,부산동래구,"부산광역시 동래구 충렬대로 152, 1층 (온천동)",051-507-4014,129.1619558,35.1622657
59,행복한약국,부산동래구,"부산광역시 동래구 충렬대로 152, 1층 (온천동)",051-507-4014,129.1326424,35.1730196
60,행복한약국,부산서구,"부산광역시 서구 구덕로 224, 스카이파크동 201호 (부민동1가)",051-244-2263,129.1619558,35.1622657
61,행복한약국,부산서구,"부산광역시 서구 구덕로 224, 스카이파크동 201호 (부민동1가)",051-244-2263,129.1326424,35.1730196
62,행복한약국,부산남구,"부산광역시 남구 수영로 25, (문현동)",647-3345,129.1619558,35.1622657
63,행복한약국,부산남구,"부산광역시 남구 수영로 25, (문현동)",647-3345,129.1326424,35.1730196
64,행복한약국,부산진구,"부산광역시 부산진구 신천대로 241, 1층 (부암동, 롯데마트)",051-807-5775,129.1619558,35.1622657
65,행복한약국,부산진구,"부산광역시 부산진구 신천대로 241, 1층 (부암동, 롯데마트)",051-807-5775,129.1326424,35.1730196
66,센텀드림약국,부산해운대구,"부산광역시 해운대구 센텀2로 25, 센텀드림월드 105호 (우동)",051-741-3016,129.132947,35.1669544
67,행복약국,부산동래구,"부산광역시 동래구 중앙대로1493번길 6, 1층 102호 (온천동)",051-715-5538,129.1175913,35.191057
68,행복약국,부산진구,"부산광역시 부산진구 새싹로 240-1, 1층 (초읍동)",051-805-2032,129.1175913,35.191057
69,행복약국,부산강서구,"부산광역시 강서구 과학산단2로20번길 20, 행복메디컬빌딩 1층 103호 (지사동)",051-941-9936,129.1175913,35.191057
70,행복약국,부산남구,"부산광역시 남구 석포로 34, (감만동)",051-644-5862,129.1175913,35.191057
71,행복약국,부산진구,"부산광역시 부산진구 가야대로 460, (개금동)",051-894-1400,129.1175913,35.191057
72,행복약국,부산동구,"부산광역시 동구 중앙대로 365, 부산일보 1층 (수정동)",051-465-8993,129.1175913,35.191057
73,행복약국,부산진구,"부산광역시 부산진구 범일로 190, (범천동)",051-636-3835,129.1175913,35.191057
74,행복약국,부산해운대구,"부산광역시 해운대구 해운대로38번길 70, 1층 104호 (재송동)",051-784-7117,129.1175913,35.191057
75,행복약국,부산연제구,"부산광역시 연제구 월드컵대로 128, 행복한메디컬센타 1층 (연산동)",051-862-1185,129.1175913,35.191057
76,하이브약국,부산해운대구,"부산광역시 해운대구 해운대로 650, 상가동 110호 (우동)",051-747-1055,129.1613426,35.1646577
77,보라약국,부산해운대구,"부산광역시 해운대구 해운대로 814, 세종월드프라자 B동 6층 603 일부호 (좌동)",051-704-7321,129.1776778,35.1695768
78,메디썬약국,부산해운대구,"부산광역시 해운대구 좌동순환로 395, 한라프라자 104호 (중동)",051-741-2238,129.1773299,35.1621911
79,마음약국,부산해운대구,"부산광역시 해운대구 해운대로76번길 65, 1층 (재송동)",051-782-3355,129.1170107,35.1902979
80,마음약국,부산동래구,"부산광역시 동래구 금강로 91, 201호 (온천동)",051-553-4707,129.1170107,35.1902979
81,하나약국,부산기장군,"부산광역시 기장군 기장읍 차성로 436, (기장읍)",051-724-7761,129.1409667,35.167541
82,하나약국,부산기장군,"부산광역시 기장군 기장읍 차성로 436, (기장읍)",051-724-7761,129.1750479,35.1776265
83,하나약국,부산남구,"부산광역시 남구 용호로198번길 2, (용호동)",051-624-4780,129.1409667,35.167541
84,하나약국,부산남구,"부산광역시 남구 용호로198번길 2, (용호동)",051-624-4780,129.1750479,35.1776265
85,하나약국,부산영도구,"부산광역시 영도구 태종로 107, 영도오션트라움 105호 (영선동1가)",051-975-1200,129.1409667,35.167541
86,하나약국,부산영도구,"부산광역시 영도구 태종로 107, 영도오션트라움 105호 (영선동1가)",051-975-1200,129.1750479,35.1776265
87,하나약국,부산금정구,"부산광역시 금정구 수림로 13, 1층 (부곡동, 동원빌딩)",582-1300,129.1409667,35.167541
88,하나약국,부산금정구,"부산광역시 금정구 수림로 13, 1층 (부곡동, 동원빌딩)",582-1300,129.1750479,35.1776265
89,하나약국,부산북구,"부산광역시 북구 덕천로 235-1, (만덕동)",051-342-5820,129.1409667,35.167541
90,하나약국,부산북구,"부산광역시 북구 덕천로 235-1, (만덕동)",051-342-5820,129.1750479,35.1776265
91,하나약국,부산연제구,"부산광역시 연제구 아시아드대로46번길 15, (거제동)",051-503-8102,129.1409667,35.167541
92,하나약국,부산연제구,"부산광역시 연제구 아시아드대로46번길 15, (거제동)",051-503-8102,129.1750479,35.1776265
93,하나약국,부산동래구,"부산광역시 동래구 안락로 12, (안락동)",051-528-4477,129.1409667,35.167541
94,하나약국,부산동래구,"부산광역시 동래구 안락로 12, (안락동)",051-528-4477,129.1750479,35.1776265
95,하나약국,부산사하구,"부산광역시 사하구 감천로 46, 1층 (감천동)",051-201-0215,129.1409667,35.167541
96,하나약국,부산사하구,"부산광역시 사하구 감천로 46, 1층 (감천동)",051-201-0215,129.1750479,35.1776265
97,하나약국,부산해운대구,"부산광역시 해운대구 해운대로 409, 부산성모안과병원 104호 (우동)",051-744-1888,129.1409667,35.167541
98,하나약국,부산해운대구,"부산광역시 해운대구 해운대로 409, 부산성모안과병원 104호 (우동)",051-744-1888,129.1750479,35.1776265
99,하나약국,부산기장군,"부산광역시 기장군 장안읍 월내2길 3, 1층",051-923-8899,129.1409667,35.167541
100,하나약국,부산기장군,"부산광역시 기장군 장안읍 월내2길 3, 1층",051-923-8899,129.1750479,35.1776265
101,하나약국,부산강서구,"부산광역시 강서구 신호산단2로 21, 106호 (신호동)",051-973-1175,129.1409667,35.167541
102,하나약국,부산강서구,"부산광역시 강서구 신호산단2로 21, 106호 (신호동)",051-973-1175,129.1750479,35.1776265
103,하나약국,부산수영구,"부산광역시 수영구 수영로 621, 1-1호 (광안동, 부광)",051-517-6373,129.1409667,35.167541
104,하나약국,부산수영구,"부산광역시 수영구 수영로 621, 1-1호 (광안동, 부광)",051-517-6373,129.1750479,35.1776265
105,하나약국,부산금정구,"부산광역시 금정구 식물원로 59, 1층 102호 (장전동, BK오피스텔)",051-512-2420,129.1409667,35.167541
106,하나약국,부산금정구,"부산광역시 금정구 식물원로 59, 1층 102호 (장전동, BK오피스텔)",051-512-2420,129.1750479,35.1776265
107,하나약국,부산동래구,"부산광역시 동래구 온천장로 123-1, 1층 일부호 (온천동, 드림메디컬)",051-555-0200,129.1409667,35.167541
108,하나약국,부산동래구,"부산광역시 동래구 온천장로 123-1, 1층 일부호 (온천동, 드림메디컬)",051-555-0200,129.1750479,35.1776265
109,하나약국,부산해운대구,"부산광역시 해운대구 좌동순환로 174, 101호 (좌동, 거성프라자)",051-704-9393,129.1409667,35.167541
110,하나약국,부산해운대구,"부산광역시 해운대구 좌동순환로 174, 101호 (좌동, 거성프라자)",051-704-9393,129.1750479,35.1776265
111,5층그린약국,부산해운대구,"부산광역시 해운대구 해운대로 814, 세종월드프라자 B동 527호 일부호 (좌동)",051-702-2446,129.1776778,35.1695768
112,미소약국,부산동래구,"부산광역시 동래구 여고로 8, 1층 (사직동)",051-505-8275,129.1282604,35.1912677
113,미소약국,부산해운대구,"부산광역시 해운대구 재반로 150, 201호 (재송동, 보라스카이타운)",051-784-7377,129.1282604,35.1912677
114,미소약국,부산사상구,"부산광역시 사상구 사상로 325, (덕포동)",051-305-3354,129.1282604,35.1912677
115,미소약국,부산연제구,"부산광역시 연제구 과정로 144, (연산동, 미소메디칼 1층)",051-753-6123,129.1282604,35.1912677
116,미소약국,부산강서구,"부산광역시 강서구 과학산단로306번길 10, 115동 201호 (지사동, 협성 · DS 엘리시안)",051-971-9552,129.1282604,35.1912677
117,미소약국,부산진구,"부산광역시 부산진구 가야대로 769, (부전동)",051-816-9977,129.1282604,35.1912677
118,미소약국,부산북구,"부산광역시 북구 덕천로 303, (만덕동)",051-335-2621,129.1282604,35.1912677
119,미소약국,부산진구,"부산광역시 부산진구 양지로5번길 31, (양정동)",051-866-5156,129.1282604,35.1912677
120,미소약국,부산사하구,"부산광역시 사하구 하신번영로 320, (하단동)",051-202-2429,129.1282604,35.1912677
121,미소약국,부산진구,"부산광역시 부산진구 복지로 65, (개금동)",051-897-2345,129.1282604,35.1912677
122,미소약국,부산진구,"부산광역시 부산진구 백양관문로 3, 202호 (개금동, 개금주공아파트상가)",051-891-5885,129.1282604,35.1912677
123,미소약국,부산중구,"부산광역시 중구 대영로 213, (영주동)",051-442-2525,129.1282604,35.1912677
124,미소약국,부산서구,"부산광역시 서구 감천로 261, 1층 105호, 107호 (암남동, 삼성비치타운)",051-255-5587,129.1282604,35.1912677
125,미소약국,부산사하구,"부산광역시 사하구 다대낙조1길 5, (다대동)",051-265-9978,129.1282604,35.1912677
126,미소약국,부산연제구,"부산광역시 연제구 중앙대로 1045, (연산동)",051-866-9975,129.1282604,35.1912677
127,튼튼약국,부산동구,"부산광역시 동구 범일로 85, 101호 (범일동)",051-633-8899,129.1837505,35.1662548
128,튼튼약국,부산남구,"부산광역시 남구 분포로 113, 1005동 404호 (용호동, 엘지메트로시티아파트)",051-611-8288,129.1837505,35.1662548
129,튼튼약국,부산동래구,"부산광역시 동래구 충렬대로 384, (안락동, 동래아동병원)",051-531-7800,129.1837505,35.1662548
130,튼튼약국,부산기장군,"부산광역시 기장군 정관읍 정관로 615, (정관읍)",051-727-7717,129.1837505,35.1662548
131,튼튼약국,부산사하구,"부산광역시 사하구 하신번영로 185, (신평동)",051-207-9193,129.1837505,35.1662548
132,튼튼약국,부산해운대구,"부산광역시 해운대구 청사포로 16, 109호 (좌동, 락희상가)",051-704-4566,129.1837505,35.1662548
133,시티온누리약국,부산해운대구,"부산광역시 해운대구 해운대해변로298번길 47, 102호 (중동)",051-747-2340,129.1673766,35.1616514
134,동신약국,부산진구,"부산광역시 부산진구 새싹로 150-1, (연지동)",051-807-1801,129.1618527,35.1635378
135,동신약국,부산서구,"부산광역시 서구 천마로 132, (남부민동)",051-256-3763,129.1618527,35.1635378
136,동신약국,부산금정구,"부산광역시 금정구 금강로 180, 1층 (장전동)",518-1795,129.1618527,35.1635378
137,동신약국,부산수영구,"부산광역시 수영구 수영로 521, (광안동)",051-753-2276,129.1618527,35.1635378
138,동신약국,부산해운대구,"부산광역시 해운대구 중동1로 16, (우동)",051-746-2782,129.1618527,35.1635378
139,평화약국,부산동래구,"부산광역시 동래구 반송로273번길 2, 상가동 110호 (명장동, 조양아파트)",051-529-0192,129.1308011,35.1970097
140,평화약국,부산남구,"부산광역시 남구 용호로232번길 25-5, (용호동)",051-621-8042,129.1308011,35.1970097
141,평화약국,부산해운대구,"부산광역시 해운대구 재반로 221, (반여동)",051-781-7064,129.1308011,35.1970097
142,화이트약국,부산해운대구,"부산광역시 해운대구 해운대로 814, 세종월드프라자 A동 501-5호 (좌동)",051-704-5901,129.1776778,35.1695768
143,우정약국,부산남구,"부산광역시 남구 수영로 196, (대연동)",051-627-4441,129.1580864,35.2323233
144,우정약국,부산북구,"부산광역시 북구 덕천로 188, 벽산라인아파트 (만덕동)",051-337-7542,129.1580864,35.2323233
145,우정약국,부산해운대구,"부산광역시 해운대구 윗반송로 94, (반송동)",051-544-2111,129.1580864,35.2323233
146,희망약국,부산사하구,"부산광역시 사하구 서포로30번길 9, 104호 (구평동)",051-262-2245,129.1815255,35.1739609
147,희망약국,부산남구,"부산광역시 남구 황령대로319번가길 158-4, (대연동)",612-7585,129.1815255,35.1739609
148,희망약국,부산남구,"부산광역시 남구 용호로 91, (용호동)",051-628-9533,129.1815255,35.1739609
149,희망약국,부산진구,"부산광역시 부산진구 신암로 3, (범천동)",051-912-8275,129.1815255,35.1739609
150,희망약국,부산사하구,"부산광역시 사하구 낙동대로 402, 1층 (당리동)",051-204-7628,129.1815255,35.1739609
151,희망약국,부산금정구,"부산광역시 금정구 금강로 376, 1층 (장전동)",051-913-0927,129.1815255,35.1739609
152,희망약국,부산해운대구,"부산광역시 해운대구 좌동순환로249번길 11, 101호 (좌동, 르네상스오피스텔)",051-702-5055,129.1815255,35.1739609
153,희망약국,부산강서구,"부산광역시 강서구 명지국제8로 254, 105호 (명지동, 시온프라자)",051-271-7737,129.1815255,35.1739609
154,참약국,부산해운대구,"부산광역시 해운대구 재반로 248, (반여동, 거성당구장)",,129.131566,35.1992916
155,참약국,부산금정구,"부산광역시 금정구 중앙대로1719번길 16, 1층 (부곡동)",051-582-5523,129.131566,35.1992916
156,샛별약국,부산해운대구,"부산광역시 해운대구 재반로63번길 32, 1층 (재송동, 창광빌라)",051-781-5693,129.1254808,35.1849885
157,샛별약국,부산남구,"부산광역시 남구 수영로 30-1, 1층 (문현동)",051-646-4686,129.1254808,35.1849885
158,동산약국,부산사하구,"부산광역시 사하구 다송로 59, 상가동 106호 (다대동, 도시개발공사4지구아파트)",051-266-1101,129.1288947,35.1930266
159,동산약국,부산사상구,"부산광역시 사상구 백양대로 945, 1층 (모라동)",051-317-7985,129.1288947,35.1930266
160,동산약국,부산진구,"부산광역시 부산진구 새싹로 277, (초읍동)",051-805-0386,129.1288947,35.1930266
161,동산약국,부산해운대구,"부산광역시 해운대구 재반로 169, 1층 (재송동)",051-784-7552,129.1288947,35.1930266
162,동산약국,부산수영구,"부산광역시 수영구 과정로 41, (망미동)",051-754-7820,129.1288947,35.1930266
163,동산약국,부산사상구,"부산광역시 사상구 낙동대로 774-1, 1층 (엄궁동)",051-325-1170,129.1288947,35.1930266
164,동산약국,부산금정구,"부산광역시 금정구 구서로 2, (구서동, 정우빌딩 1층)",051-516-6061,129.1288947,35.1930266
165,동산약국,부산수영구,"부산광역시 수영구 수영로464번길 9, 준정빌딩 (남천동)",051-625-6264,129.1288947,35.1930266
166,실로암약국,부산해운대구,"부산광역시 해운대구 마린시티3로 1, 321호 (우동, 썬프라자)",051-469-8727,129.1475625,35.1580154
167,효은약국,부산해운대구,"부산광역시 해운대구 삼어로 61, 105호 (반여동, 우방신세계아파트상가)",051-525-2420,129.1154214,35.2037503
168,제일약국,부산사상구,"부산광역시 사상구 백양대로 893, (모라동)",051-311-6226,129.1699934,35.1737687
169,제일약국,부산금정구,"부산광역시 금정구 무학송로 105-1, 1층 (부곡동)",051-582-3428,129.1699934,35.1737687
170,제일약국,부산중구,"부산광역시 중구 동영로 7, (동광동5가)",051-468-7004,129.1699934,35.1737687
171,제일약국,부산수영구,"부산광역시 수영구 광안해변로 431, (민락동)",051-301-7823,129.1699934,35.1737687
172,제일약국,부산진구,"부산광역시 부산진구 가야대로 783, (부전동)",051-557-7447,129.1699934,35.1737687
173,제일약국,부산남구,"부산광역시 남구 수영로 206, 정학기정형외과 1층 (대연동)",626-6700,129.1699934,35.1737687
174,제일약국,부산해운대구,"부산광역시 해운대구 대천로67번길 4, 104호 (좌동, 주공아파트상가)",051-731-3334,129.1699934,35.1737687
175,제일약국,부산연제구,"부산광역시 연제구 월드컵대로 9, (연산동)",051-852-4675,129.1699934,35.1737687
176,제일약국,부산사상구,"부산광역시 사상구 새벽시장로 70, 109호 (감전동)",315-2663,129.1699934,35.1737687
177,제일약국,부산금정구,"부산광역시 금정구 서동중심로 17, (서동)",558-0096,129.1699934,35.1737687
178,제일약국,부산동래구,"부산광역시 동래구 안락로 39, (안락동)",051-523-5341,129.1699934,35.1737687
179,제일약국,부산동래구,"부산광역시 동래구 동래로148번길 24, 1층 일부호 (복천동)",051-556-4111,129.1699934,35.1737687
180,제일약국,부산기장군,"부산광역시 기장군 정관면 정관로 560, 560",051-727-6991,129.1699934,35.1737687
181,대우약국,부산사하구,"부산광역시 사하구 낙동대로 279, (괴정동)",051-317-1479,129.1225596,35.2078378
182,대우약국,부산금정구,"부산광역시 금정구 금강로 338-1, (장전동)",051-514-1460,129.1225596,35.2078378
183,대우약국,부산해운대구,"부산광역시 해운대구 선수촌로165번길 7, (반여동)",051-523-0634,129.1225596,35.2078378
184,진약국,부산강서구,"부산광역시 강서구 명지국제1로 25, 우진메디컬프라 112호 (명지동)",051-201-5481,129.1304705,35.1951003
185,진약국,부산해운대구,"부산광역시 해운대구 재반로 199, 1층 (반여동, 새아빌딩)",051-782-0686,129.1304705,35.1951003
186,진약국,부산영도구,"부산광역시 영도구 동삼로 64, (동삼동)",051-405-7575,129.1304705,35.1951003
187,진약국,부산서구,"부산광역시 서구 구덕로 102-1, 1층 (충무동1가)",051-231-9471,129.1304705,35.1951003
188,진약국,부산진구,"부산광역시 부산진구 중앙대로 821, 201동 225호 (범전동, 삼한골든뷰 센트럴파크)",051-806-6667,129.1304705,35.1951003
189,진약국,부산기장군,"부산광역시 기장군 기장읍 읍내로 96, (기장읍)",051-722-0686,129.1304705,35.1951003
190,진약국,부산수영구,"부산광역시 수영구 연수로 266, 기업은행망미지점 1층 (망미동)",051-714-7166,129.1304705,35.1951003
191,진약국,부산동구,"부산광역시 동구 진성로 15, (수정동)",051-465-2220,129.1304705,35.1951003
192,대학약국,부산서구,"부산광역시 서구 감천로 261, (암남동)",051-243-8492,129.180702,35.1727462
193,대학약국,부산금정구,"부산광역시 금정구 부산대학로49번길 17, 1층 (장전동)",051-514-3937,129.180702,35.1727462
194,대학약국,부산해운대구,"부산광역시 해운대구 좌동순환로 252, 상가동 105호 (좌동, 대원아파트)",051-703-2902,129.180702,35.1727462
195,대학약국,부산진구,"부산광역시 부산진구 복지로 61, 승현빌딩 2층 (개금동)",051-894-2800,129.180702,35.1727462
196,대학약국,부산서구,"부산광역시 서구 구덕로 188, (토성동3가)",051-244-8989,129.180702,35.1727462
197,대학약국,부산동래구,"부산광역시 동래구 충렬대로181번길 21, (명륜동, 명륜빌딩)",051-555-3628,129.180702,35.1727462
198,롯데센텀약국,부산해운대구,"부산광역시 해운대구 센텀1로 9, 롯데갤러리움센텀 E-102호 (우동)",070-8950-9519,129.1310641,35.1676318
199,소나무약국,부산해운대구,"부산광역시 해운대구 해운대로 133, (재송동)",051-784-8999,129.1213025,35.1853084
200,소나무약국,부산중구,"부산광역시 중구 중앙대로 2, (중앙동7가)",070-4155-0858,129.1213025,35.1853084
201,센텀유로약국,부산해운대구,"부산광역시 해운대구 APEC로 17, 센텀리더스마크 414호 (우동)",051-715-7771,129.1324308,35.1659261
202,드림약국,부산금정구,"부산광역시 금정구 서동로 105, 1층 (서동)",051-522-5352,129.1618527,35.1635378
203,드림약국,부산해운대구,"부산광역시 해운대구 중동1로 17, (중동)",051-746-7182,129.1618527,35.1635378
204,드림약국,부산진구,"부산광역시 부산진구 동성로 136, 1층 103호 (전포동)",051-819-9588,129.1618527,35.1635378
205,드림약국,부산사하구,"부산광역시 사하구 낙동대로 450, KH빌딩 101호 (당리동)",051-207-4567,129.1618527,35.1635378
206,드림약국,부산기장군,"부산광역시 기장군 정관읍 정관로 495, 1층 102호",051-728-2727,129.1618527,35.1635378
207,드림약국,부산서구,"부산광역시 서구 보수대로 9, (충무동1가)",051-254-3353,129.1618527,35.1635378
208,드림약국,부산진구,"부산광역시 부산진구 서면로 68, 부전동근린생활시설 1층 (부전동)",051-807-0020,129.1618527,35.1635378
209,드림약국,부산동래구,"부산광역시 동래구 안연로 64, 1층 (안락동)",051-528-3546,129.1618527,35.1635378
210,드림약국,부산사상구,"부산광역시 사상구 가야대로 288, 207호 (주례동, 창조센츄리아파트)",051-322-7871,129.1618527,35.1635378
211,드림약국,부산북구,"부산광역시 북구 만덕대로 22, (덕천동, 드림 메디칼 빌딩)",051-904-0010,129.1618527,35.1635378
212,드림약국,부산해운대구,"부산광역시 해운대구 세실로 79, 1층 (좌동)",051-702-1007,129.1618527,35.1635378
213,초록약국,부산동구,"부산광역시 동구 중앙대로 535, 1층 (범일동)",051-635-6188,129.119628,35.2036219
214,초록약국,부산강서구,"부산광역시 강서구 명지국제11로 25, (명지동, 동명빌딩104호)",051-291-5799,129.119628,35.2036219
215,초록약국,부산연제구,"부산광역시 연제구 아시아드대로 79, 1층 (거제동)",051-501-1423,129.119628,35.2036219
216,초록약국,부산해운대구,"부산광역시 해운대구 선수촌로 109-1, (반여동)",051-529-7515,129.119628,35.2036219
217,럭키약국,부산동래구,"부산광역시 동래구 금강공원로 20, (온천동)",051-553-0077,129.125857,35.1858169
218,럭키약국,부산진구,"부산광역시 부산진구 새싹로 200-1, (초읍동)",051-809-9668,129.125857,35.1858169
219,럭키약국,부산해운대구,"부산광역시 해운대구 재반로 80-1, (재송동)",051-784-4806,129.125857,35.1858169
220,동백약국,부산해운대구,"부산광역시 해운대구 해운대로 540, 104동 103호 (우동, 해운대 동백 두산위브더제니스)",,129.1509131,35.1599158
221,반산우리약국,부산해운대구,"부산광역시 해운대구 재반로 213-1, 1층 (반여동, 수성빌딩)",051-781-0079,129.1306842,35.1963994
222,광명약국,부산해운대구,"부산광역시 해운대구 재반로 85, 광명약국 1층 (재송동)",051-784-5496,129.1253414,35.1863144
223,광명약국,부산동래구,"부산광역시 동래구 충렬대로100번길 8, (온천동)",051-507-6067,129.1253414,35.1863144
224,정문약국,부산사상구,"부산광역시 사상구 가야대로 318, (주례동)",051-316-0508,129.1603037,35.2293003
225,정문약국,부산해운대구,"부산광역시 해운대구 신반송로 180, 1층 (반송동)",051-710-6669,129.1603037,35.2293003
226,정문약국,부산동래구,"부산광역시 동래구 충렬대로181번길 9, (명륜동)",051-556-7117,129.1603037,35.2293003
227,산뜻미소약국,부산해운대구,"부산광역시 해운대구 해운대로161번길 40, 1층 일부호 (재송동)",-,129.1253789,35.1852958
228,호호약국,부산해운대구,"부산광역시 해운대구 좌동순환로433번길 30-1, 해운대힐스테이트위브 135호 (중동)",,129.1798461,35.1625239
229,호호약국,부산금정구,"부산광역시 금정구 동현로16번길 65, 1층 4호 (부곡동, 부곡영화맨션)",051-517-7501,129.1798461,35.1625239
230,호호약국,부산중구,"부산광역시 중구 구덕로 87-1, 2(L)층 (남포동6가)",051-245-3155,129.1798461,35.1625239
231,호호약국,부산강서구,"부산광역시 강서구 명지오션시티4로 88, 1층 102호 (명지동)",051-202-5334,129.1798461,35.1625239
232,명성약국,부산금정구,"부산광역시 금정구 중앙대로1841번길 15, 1층 (구서동)",051-583-9393,129.2040538,35.1825054
233,명성약국,부산서구,"부산광역시 서구 충무대로 283, (충무동1가)",051-255-9788,129.2040538,35.1825054
234,명성약국,부산동구,"부산광역시 동구 고관로 133, (수정동)",051-466-0150,129.2040538,35.1825054
235,명성약국,부산수영구,"부산광역시 수영구 수영로 621, (광안동)",051-752-5087,129.2040538,35.1825054
236,명성약국,부산해운대구,"부산광역시 해운대구 송정중앙로 31, 1층 (송정동)",051-747-2019,129.2040538,35.1825054
237,명성약국,부산수영구,"부산광역시 수영구 과정로 63, 1층 (망미동)",051-758-6945,129.2040538,35.1825054
238,엘시티2층365하나약국,부산해운대구,"부산광역시 해운대구 달맞이길 30, 포디움동 2013~2014호 (중동, 엘시티)",051-741-2301,129.1683765,35.161064
239,정담약국,부산해운대구,"부산광역시 해운대구 선수촌로21번길 37, 홈플러스 부산반여점 1층 (반여동)",051-526-7766,129.1157028,35.1965854
240,미래약국,부산북구,"부산광역시 북구 은행나무로 4, (만덕동)",051-337-9897,129.1725654,35.1613322
241,미래약국,부산수영구,"부산광역시 수영구 수영로 386-1, 원탄크리닉 1층 (남천동)",051-628-9991,129.1725654,35.1613322
242,미래약국,부산동래구,"부산광역시 동래구 중앙대로 1325, (온천동)",051-557-4735,129.1725654,35.1613322
243,미래약국,부산기장군,"부산광역시 기장군 기장읍 읍내로 93, (기장읍)",051-724-3810,129.1725654,35.1613322
244,미래약국,부산연제구,"부산광역시 연제구 과정로 111, (연산동)",051-752-7302,129.1725654,35.1613322
245,미래약국,부산동래구,"부산광역시 동래구 사직북로 4, 1층 123호 (사직동, 사직동 자이언츠 파크)",051-507-1818,129.1725654,35.1613322
246,미래약국,부산사상구,"부산광역시 사상구 사상로 277, (덕포동)",051-303-7217,129.1725654,35.1613322
247,미래약국,부산해운대구,"부산광역시 해운대구 좌동순환로 441, 부산중2동우편취급국 (중동)",051-747-3783,129.1725654,35.1613322
248,미래약국,부산중구,"부산광역시 중구 대청로 88-1, (대청동3가)",051-256-6667,129.1725654,35.1613322
249,마리나약국,부산해운대구,"부산광역시 해운대구 해운대해변로 154, 마리나센타 (우동)",051-747-0686,129.1485263,35.1581115
250,좌동온누리약국,부산해운대구,"부산광역시 해운대구 좌동로 95, 해운대동대문상가 1층 110호 (좌동)",051-714-7417,129.1753985,35.1728281
251,아인스약국,부산해운대구,"부산광역시 해운대구 구남로8번길 73, (우동)",051-731-6954,129.1558653,35.1611103
252,동민약국,부산연제구,"부산광역시 연제구 연제로8번길 30, 상가2동 1층 201호 (연산동, 브라운스톤연제2단지)",051-804-7780,129.1308031,35.1948892
253,동민약국,부산해운대구,"부산광역시 해운대구 재반로 198-1, (반여동)",051-783-4250,129.1308031,35.1948892
254,안녕약국,부산사상구,"부산광역시 사상구 대동로 137, 1층 (학장동)",051-311-1311,129.1411817,35.1669113
255,안녕약국,부산해운대구,"부산광역시 해운대구 해운대로 415, 1층 101호 (우동)",051-747-3034,129.1411817,35.1669113
256,신원약국,부산해운대구,"부산광역시 해운대구 대천로 187, 101호 (좌동, 해운대화목타운)",051-701-9897,129.1787616,35.1718872
257,반송큰시장약국,부산해운대구,"부산광역시 해운대구 윗반송로 68, (반송동)",545-3123,129.1570485,35.2301295
258,민트약국,부산수영구,"부산광역시 수영구 광남로 203, 1층 (민락동)",051-992-5596,129.1193147,35.1904041
259,민트약국,부산해운대구,"부산광역시 해운대구 해운대로76번길 16, 105호 (재송동)",051-782-3050,129.1193147,35.1904041
260,지성근약국,부산해운대구,"부산광역시 해운대구 재반로211번길 17, (반여동)",051-782-8514,129.1298505,35.1961092
261,코끼리약국,부산사상구,"부산광역시 사상구 대동로 94, (학장동, 반도프라자상가 305호,306호)",051-322-3234,129.1556269,35.2319576
262,코끼리약국,부산진구,"부산광역시 부산진구 가야대로 456, 1층 (개금동)",051-893-8900,129.1556269,35.2319576
263,코끼리약국,부산연제구,"부산광역시 연제구 중앙대로 1112, (연산동)",051-853-3117,129.1556269,35.2319576
264,코끼리약국,부산동래구,"부산광역시 동래구 안연로109번길 24, (안락동)",051-532-0616,129.1556269,35.2319576
265,코끼리약국,부산해운대구,"부산광역시 해운대구 반송로924번길 14-2, (반송동)",051-545-2070,129.1556269,35.2319576
266,코끼리약국,부산강서구,"부산광역시 강서구 명지국제8로 240, 110호 (명지동, 국제메디칼빌딩1동)",051-294-9222,129.1556269,35.2319576
267,해성약국,부산해운대구,"부산광역시 해운대구 구남로 3, (우동)",743-0400,129.1592724,35.1634571
268,해성약국,부산서구,"부산광역시 서구 충무대로 207-16, 2층 (남부민동)",051-254-8400,129.1592724,35.1634571
269,민온누리약국,부산해운대구,"부산광역시 해운대구 마린시티2로 33, 116호 (우동, 해운대두산위브더제니스)",051-744-5566,129.145091,35.156667
270,맑은약국,부산해운대구,"부산광역시 해운대구 해운대로 802, 웅신시네아트 B동 2층 202-1호 (좌동)",051-702-5147,129.1766569,35.1691635
271,맑은약국,부산금정구,"부산광역시 금정구 중앙대로 2025, (남산동)",051-582-9051,129.1766569,35.1691635
272,센텀중앙약국,부산해운대구,"부산광역시 해운대구 해운대로 369, 해운대센텀메디칼센터 1층 (우동)",051-744-7275,129.1377353,35.1702057
273,반여코끼리약국,부산해운대구,"부산광역시 해운대구 재반로 231, 부산제일병원 (반여동)",051-782-2005,129.1309467,35.1979414
274,센트럴약국,부산해운대구,"부산광역시 해운대구 좌동순환로 505, 102호 (중동)",,129.1682073,35.165667
275,온천약국,부산해운대구,"부산광역시 해운대구 중동1로 39, 예담빌딩 1층 (중동)",051-747-3561,129.1635698,35.1622316
276,온천약국,부산동래구,"부산광역시 동래구 온천장로 81-1, (온천동)",051-557-0911,129.1635698,35.1622316
277,다솜약국,부산해운대구,"부산광역시 해운대구 선수촌로 66, (반여동)",051-528-1475,129.1191803,35.1993895
278,다솜약국,부산진구,"부산광역시 부산진구 서전로 5, 1층 101호 (부전동)",051-710-4070,129.1191803,35.1993895
279,다솜약국,부산금정구,"부산광역시 금정구 수림로20번길 36, 주2동 1층 102호 (부곡동)",051-513-3205,129.1191803,35.1993895
280,다솜약국,부산남구,"부산광역시 남구 수영로 21, 1층 (문현동)",051-634-2338,129.1191803,35.1993895
281,다솜약국,부산동래구,"부산광역시 동래구 동래로 159, (복천동)",051-555-4825,129.1191803,35.1993895
282,햇살약국,부산사상구,"부산광역시 사상구 학감대로222번길 10, (감전동)",051-911-7365,129.1258461,35.1761561
283,햇살약국,부산동래구,"부산광역시 동래구 중앙대로 1325, 107호 (온천동, 이센타워)",051-555-0272,129.1258461,35.1761561
284,햇살약국,부산금정구,"부산광역시 금정구 금강로321번길 2, (장전동)",051-514-3251,129.1258461,35.1761561
285,햇살약국,부산진구,"부산광역시 부산진구 중앙대로 669, 한성빌딩 1층 (부전동)",051-802-2050,129.1258461,35.1761561
286,햇살약국,부산해운대구,"부산광역시 해운대구 센텀동로 99, 203호 (재송동, 벽산이센텀클래스원)",051-782-4000,129.1258461,35.1761561
287,햇살약국,부산기장군,"부산광역시 기장군 정관면 정관4로 40, (정관읍)",051-728-0882,129.1258461,35.1761561
288,햇살약국,부산동래구,"부산광역시 동래구 석사로 5, 1층 일부호 (사직동)",,129.1258461,35.1761561
289,일신약국,부산해운대구,"부산광역시 해운대구 좌동순환로 309, 삼정프라자 104호 (좌동)",051-701-2451,129.1831954,35.1683712
290,일신약국,부산중구,"부산광역시 중구 동영로 6-1, (동광동5가)",463-7584,129.1831954,35.1683712
291,일신약국,부산기장군,"부산광역시 기장군 정관읍 정관6로 31, 106호",051-728-8131,129.1831954,35.1683712
292,메이플약국,부산해운대구,"부산광역시 해운대구 해운대로 814, 세종월드프라자 B동 428호 (좌동)",051-703-2684,129.1776778,35.1695768
293,삼보약국,부산해운대구,"부산광역시 해운대구 세실로 87, 1층 (좌동, 영진파스타)",051-703-7024,129.1760483,35.1722169
294,제니스약국,부산해운대구,"부산광역시 해운대구 마린시티2로 33, 104동 162호 (우동,제니스스퀘어)",051-744-9799,129.145091,35.156667
295,마린파크약국,부산해운대구,"부산광역시 해운대구 마린시티2로 2, 106~107호 (우동, 마린파크빌딩)",051-747-3989,129.1442096,35.15934
296,경동약국,부산해운대구,"부산광역시 해운대구 세실로 43, 302호 (좌동, 경동코아)",051-702-0801,129.17845,35.1687646
297,파랑새약국,부산해운대구,"부산광역시 해운대구 좌동순환로 301, 1층 (좌동, 금강빌딩)",051-703-7383,129.1832772,35.1691765
298,파랑새약국,부산서구,"부산광역시 서구 구덕로 195, (부민동2가)",051-242-0606,129.1832772,35.1691765
299,온정약국,부산진구,"부산광역시 부산진구 동평로 420, (양정동)",051-852-8858,129.1193242,35.2031837
300,온정약국,부산해운대구,"부산광역시 해운대구 선수촌로 103-4, (반여동)",051-523-2362,129.1193242,35.2031837
301,온정약국,부산사상구,"부산광역시 사상구 가야대로 274-3, (주례동)",051-328-8210,129.1193242,35.2031837
302,효원약국,부산해운대구,"부산광역시 해운대구 재반로256번길 15, (반여동)",051-783-1180,129.1325065,35.2000326
303,해운대약국,부산해운대구,"부산광역시 해운대구 중동1로 36, (중동)",051-731-2384,129.1629787,35.1623817
304,해운대약국,부산해운대구,"부산광역시 해운대구 중동1로 36, 1층 (중동)",051-731-2384,129.1629787,35.1623817
305,자인약국,부산해운대구,"부산광역시 해운대구 아랫반송로21번길 48, (반송동)",051-545-1583,129.1486279,35.2265469
306,영진약국,부산서구,"부산광역시 서구 까치고개로239번길 7, (토성동2가)",051-245-2883,129.1566026,35.2317254
307,영진약국,부산수영구,"부산광역시 수영구 수영로 707, (수영동)",051-752-1316,129.1566026,35.2317254
308,영진약국,부산해운대구,"부산광역시 해운대구 윗반송로51번길 112, (반송동)",051-542-4401,129.1566026,35.2317254
309,영풍메디칼약국,부산해운대구,"부산광역시 해운대구 좌동순환로 506, 109호 (중동,영풍리젠시)",051-731-3465,129.1687362,35.1661755
310,토마토약국,부산해운대구,"부산광역시 해운대구 좌동순환로249번길 21, 104호 (좌동, 아이에스프라자)",051-702-7023,129.1818111,35.1743048
311,토마토약국,부산서구,"부산광역시 서구 구덕로 122, (토성동4가)",051-257-3388,129.1818111,35.1743048
312,메디팜백약국,부산해운대구,"부산광역시 해운대구 좌동순환로249번길 21, 105,205호 (좌동, 아이에스프라자빌딩)",051-701-0105,129.1818111,35.1743048
313,신세계약국,부산금정구,"부산광역시 금정구 서동로 154, 1층 (서동)",051-521-8959,129.1406828,35.1678259
314,신세계약국,부산해운대구,"부산광역시 해운대구 해운대로 407, 107108호 (우동, 신세계프라자)",051-743-5996,129.1406828,35.1678259
315,신세계약국,부산연제구,"부산광역시 연제구 월드컵대로 125, (연산동, 더웰타워)",851-2205,129.1406828,35.1678259
316,신세계약국,부산강서구,"부산광역시 강서구 명지국제2로 27, 대산골든스퀘어 116~117호 (명지동)",051-203-2013,129.1406828,35.1678259
317,엘르온누리약국,부산해운대구,"부산광역시 해운대구 해운대로 794, 106호 (좌동, 엘리움)",051-930-0500,129.1757451,35.168815
318,참사랑약국,부산진구,"부산광역시 부산진구 동평로 358, (양정동)",051-853-6859,129.1270281,35.1798285
319,참사랑약국,부산진구,"부산광역시 부산진구 동평로 358, (양정동)",051-853-6859,129.1766569,35.1691635
320,참사랑약국,부산해운대구,"부산광역시 해운대구 재반로12번길 4, (재송동)",051-784-4954,129.1270281,35.1798285
321,참사랑약국,부산해운대구,"부산광역시 해운대구 재반로12번길 4, (재송동)",051-784-4954,129.1766569,35.1691635
322,참사랑약국,부산해운대구,"부산광역시 해운대구 해운대로 802, 316호 (좌동, 웅신시네아트)",051-702-3545,129.1270281,35.1798285
323,참사랑약국,부산해운대구,"부산광역시 해운대구 해운대로 802, 316호 (좌동, 웅신시네아트)",051-702-3545,129.1766569,35.1691635
324,미술관옆약국,부산해운대구,"부산광역시 해운대구 해운대로 413, (우동)",051-744-5501,129.1409576,35.1671171
325,신부산약국,부산해운대구,"부산광역시 해운대구 재반로 219, (반여동)",051-784-4120-1,129.1307521,35.1968112
326,세인약국,부산동래구,"부산광역시 동래구 미남로146번길 3, (온천동)",051-506-5590,129.1234229,35.2080231
327,세인약국,부산사하구,"부산광역시 사하구 낙동대로 248, 우리메디칼센터 (괴정동)",051-205-1701,129.1234229,35.2080231
328,세인약국,부산금정구,"부산광역시 금정구 부곡로 112, (부곡동)",051-517-3311,129.1234229,35.2080231
329,세인약국,부산해운대구,"부산광역시 해운대구 반여로167번길 76, (반여동)",051-527-0124,129.1234229,35.2080231
330,화인약국,부산해운대구,"부산광역시 해운대구 해운대로 802, 웅신시네아트 415호 (좌동)",051-703-0077,129.1766569,35.1691635
331,화인약국,부산북구,"부산광역시 북구 금곡대로285번길 5, 101호 (화명동, 레지던스라움)",051-363-7272,129.1766569,35.1691635
332,성민약국,부산해운대구,"부산광역시 해운대구 아랫반송로 31, 성민약국 (반송동)",051-543-7788,129.1491156,35.2247174
333,종근당약국,부산동래구,"부산광역시 동래구 안락로 19, (안락동)",051-523-8356,129.1585141,35.2299257
334,종근당약국,부산해운대구,"부산광역시 해운대구 신반송로 197, (반송동)",051-543-0027,129.1585141,35.2299257
335,해운대이팜약국,부산해운대구,"부산광역시 해운대구 좌동순환로 511, 2층 (중동, 이마트해운대점)",051-744-4855,129.1673813,35.1660122
336,메디팜센텀약국,부산해운대구,"부산광역시 해운대구 센텀중앙로 145, 1동 401호 (재송동, 센텀파크상가)",051-915-8500,129.1219424,35.1788329
337,새씨앗약국,부산해운대구,"부산광역시 해운대구 선수촌로 98, (반여동)",051-523-3485,129.1195202,35.2024093
338,가까운약국,부산서구,"부산광역시 서구 대신공원로 29, (서대신동3가)",051-248-6111,129.1556528,35.1609819
339,가까운약국,부산진구,"부산광역시 부산진구 가야대로 779, (부전동)",051-819-1421,129.1556528,35.1609819
340,가까운약국,부산해운대구,"부산광역시 해운대구 구남로8번길 77, (우동)",051-731-1088,129.1556528,35.1609819
341,가까운약국,부산동래구,"부산광역시 동래구 충렬대로181번길 17, (명륜동)",051-554-2674,129.1556528,35.1609819
342,센텀필약국,부산해운대구,"부산광역시 해운대구 센텀동로 102, 1-124호 (재송동, 센텀필상가)",051-781-8989,129.1264797,35.1766023
343,오렌지약국,부산수영구,"부산광역시 수영구 수영로 410, 남천동 정암빌딩 1층 101호 (남천동)",051-626-0700,129.1308142,35.1949799
344,오렌지약국,부산북구,"부산광역시 북구 효열로 75, (금곡동)",051-361-3638,129.1308142,35.1949799
345,오렌지약국,부산해운대구,"부산광역시 해운대구 재반로 200, (반여동)",051-784-6464,129.1308142,35.1949799
346,백일약국,부산해운대구,"부산광역시 해운대구 좌동순환로249번길 21, 아이에스프라자 108호,109호일부호 (좌동)",051-701-7987,129.1818111,35.1743048
347,수정약국,부산해운대구,"부산광역시 해운대구 좌동순환로 174, (좌동, 거성프라자 105호)",051-702-0605,129.1750479,35.1776265
348,수정약국,부산북구,"부산광역시 북구 금곡대로 159, (화명동)",051-364-1225,129.1750479,35.1776265
349,인제온누리약국,부산해운대구,"부산광역시 해운대구 좌동순환로249번길 21, 103호 (좌동, IS프라자)",051-701-1261,129.1818111,35.1743048
350,봄약국,부산해운대구,"부산광역시 해운대구 재반로 237-1, (반여동)",051-784-0303,129.1310586,35.1985192
351,봄약국,부산기장군,"부산광역시 기장군 정관읍 정관로 389, 389",051-728-6357,129.1310586,35.1985192
352,봄약국,부산금정구,"부산광역시 금정구 구서로 10, 1층 103호 (구서동)",051-583-8270,129.1310586,35.1985192
353,천호약국,부산해운대구,"부산광역시 해운대구 반송로 869-1, (반송동)",051-545-5461,129.1491672,35.2302134
354,지리산약국,부산해운대구,"부산광역시 해운대구 재반로 253-1, 문훈치과 1층 (반여동)",051-784-1933,129.1312945,35.1999915
355,지리산약국,부산동래구,"부산광역시 동래구 아시아드대로228번길 26, 화영빌딩 1층 (온천동)",051-506-0599,129.1312945,35.1999915
356,해맑은약국,부산해운대구,"부산광역시 해운대구 해운대로161번길 43, (재송동)",051-784-0298,129.1251276,35.1855492
357,해맑은약국,부산금정구,"부산광역시 금정구 식물원로39번길 26, 1층 (장전동)",051-516-8855,129.1251276,35.1855492
358,스펀지약국,부산해운대구,"부산광역시 해운대구 해운대로 637, (우동)",051-743-0654,129.1598774,35.1644999
359,행복온누리약국,부산해운대구,"부산광역시 해운대구 반여로41번길 54, 꿈의메디컬 104호 (반여동)",051-521-1661,129.1189716,35.1975199
360,행복온누리약국,부산북구,"부산광역시 북구 학사로 8, 크리스탈타워 1층 102호 (화명동)",051-365-4577,129.1189716,35.1975199
361,센텀약국,부산사상구,"부산광역시 사상구 새벽로 228, (괘법동)",051-316-6613,129.1323537,35.1677016
362,센텀약국,부산해운대구,"부산광역시 해운대구 센텀2로 15, 101호 (우동, 센텀브라이언)",051-744-2028,129.1323537,35.1677016
363,더좋은약사와약국,부산해운대구,"부산광역시 해운대구 구남로29번길 9, (중동)",051-744-5999,129.1611779,35.1618945
364,성심약국,부산남구,"부산광역시 남구 용호로 157, (용호동)",051-623-6567,129.1597109,35.1652867
365,성심약국,부산남구,"부산광역시 남구 용호로 157, (용호동)",051-623-6567,129.1554677,35.2320278
366,성심약국,부산해운대구,"부산광역시 해운대구 우동1로20번길 63, (우동)",051-743-3158,129.1597109,35.1652867
367,성심약국,부산해운대구,"부산광역시 해운대구 우동1로20번길 63, (우동)",051-743-3158,129.1554677,35.2320278
368,성심약국,부산해운대구,"부산광역시 해운대구 반송로924번길 14, (반송동)",051-542-9000,129.1597109,35.1652867
369,성심약국,부산해운대구,"부산광역시 해운대구 반송로924번길 14, (반송동)",051-542-9000,129.1554677,35.2320278
370,세연약국,부산해운대구,"부산광역시 해운대구 해운대로 365, 101호 (우동)",051-747-2268,129.1374368,35.1704318
371,새미소약국,부산해운대구,"부산광역시 해운대구 좌동로 66, (중동)",051-747-2354,129.173091,35.17073
372,경남약국,부산사상구,"부산광역시 사상구 사상로 194, 괘법동 메디컬센터 1층 (괘법동)",051-325-3355,129.1423237,35.1616441
373,경남약국,부산해운대구,"부산광역시 해운대구 해운대해변로 83, 119호 (우동, 경남마리나상가)",051-742-6494,129.1423237,35.1616441
374,센텀파크약국,부산해운대구,"부산광역시 해운대구 센텀중앙로 145, 상가7동 205호 (재송동, 더샵센텀파크1차아파트)",051-741-1063,129.1219424,35.1788329
375,한솔약국,부산해운대구,"부산광역시 해운대구 좌동순환로 173, 영풍프라자 104호 (좌동)",051-701-4111,129.1752749,35.1781714
376,건강한온누리약국,부산중구,"부산광역시 중구 대청로 70-1, (부평동1가)",051-242-1089,129.129863,35.1946582
377,건강한온누리약국,부산해운대구,"부산광역시 해운대구 해운대로61번길 106, (반여동)",051-784-0112,129.129863,35.1946582
378,반여약국,부산해운대구,"부산광역시 해운대구 선수촌로 65-25, 우진빌딩 (반여동)",051-523-5551,129.1175268,35.1996918
379,신도시약국,부산해운대구,"부산광역시 해운대구 대천로103번길 29, 101호 (좌동, 대동타운)",051-701-0425,129.1730542,35.1767671
380,신도시약국,부산기장군,"부산광역시 기장군 정관면 정관4로 38, ()",727-1048,129.1730542,35.1767671
381,정다운온누리약국,부산해운대구,"부산광역시 해운대구 재반로 86, 102호 (재송동)",051-784-4716,129.1257184,35.1862985
382,수도약국,부산해운대구,"부산광역시 해운대구 우동2로 58, (우동)",051-742-3646,129.1570128,35.168337
383,원온누리약국,부산해운대구,"부산광역시 해운대구 선수촌로 104-10, 선수촌빌딩 (반여동)",051-784-7661,129.1199099,35.2026807
384,새제일약국,부산해운대구,"부산광역시 해운대구 좌동순환로 307-1, 102호 (좌동, 한창프라자)",051-702-8875,129.1832297,35.1685422
385,유민약국,부산해운대구,"부산광역시 해운대구 윗반송로51번길 178, (반송동)",051-542-8290,129.1576525,35.2332823
386,화인크리닉약국,부산해운대구,"부산광역시 해운대구 양운로 82, 101호 (좌동, 화인크리닉센터)",051-703-0801,129.1755732,35.1704651
387,혜천약국,부산해운대구,"부산광역시 해운대구 구남로29번길 38, 3층 (중동, 혜천빌딩)",051-744-2299,129.1623603,35.1626273
388,라인약국,부산해운대구,"부산광역시 해운대구 신반송로 194, (반송동, 광하아파트)",051-950-9600,129.160477,35.2302546
389,동희당약국,부산해운대구,"부산광역시 해운대구 아랫반송로 17, (반송동)",051-544-2694,129.1481461,35.2255377
390,인제약국,부산연제구,"부산광역시 연제구 월드컵대로 241, 1층 (거제동)",051-502-9226,129.151826,35.2308829
391,인제약국,부산해운대구,"부산광역시 해운대구 반송로892번길 5, (반송동)",051-544-4949,129.151826,35.2308829
392,인제약국,부산금정구,"부산광역시 금정구 산성로 438, 1층 (금성동)",051-333-7334,129.151826,35.2308829
393,신나는영화한약국,부산해운대구,"부산광역시 해운대구 재반로211번길 30, (반여동)",051-782-6691,129.12911,35.1963709
394,반송열린약국,부산해운대구,"부산광역시 해운대구 아랫반송로21번길 22, 1층 (반송동)",051-544-0090,129.1485661,35.2259014
395,센텀건강약국,부산해운대구,"부산광역시 해운대구 센텀남대로 35, 지하1층 (우동, 신세계백화점)",051-745-2170,129.1295233,35.1688179
396,편한이웃약국,부산해운대구,"부산광역시 해운대구 선수촌로 7, 반여메디컬센터 102호 (반여동)",051-528-9200,129.1185159,35.1944837
397,편한이웃약국,부산동래구,"부산광역시 동래구 시실로24번길 5, 1층 102호 (명륜동)",051-938-8000,129.1185159,35.1944837
398,친절한약국,부산해운대구,"부산광역시 해운대구 아랫반송로 25-1, 1층 (반송동)",051-544-8063,129.1488967,35.2249677
399,아름약국,부산해운대구,"부산광역시 해운대구 좌동로 88, 101호 (좌동, 울트라타워)",051-703-3744,129.174951,35.1719523
400,반송조은약국,부산해운대구,"부산광역시 해운대구 신반송로 207, (반송동)",051-545-9590,129.15741,35.2304351
401,센텀시티약국,부산해운대구,"부산광역시 해운대구 센텀2로 20, 106호 (우동, 센텀타워메디컬)",051-747-2450,129.1320258,35.1671978
402,삼화약국,부산수영구,"부산광역시 수영구 황령대로 491, (남천동)",051-626-2073,129.1243773,35.1914309
403,삼화약국,부산연제구,"부산광역시 연제구 반송로 12, (연산동)",051-867-5956,129.1243773,35.1914309
404,삼화약국,부산해운대구,"부산광역시 해운대구 재반로165번길 112, (재송동)",051-781-8129,129.1243773,35.1914309
405,동양약국,부산해운대구,"부산광역시 해운대구 좌동순환로249번길 21, 110호 (좌동, 아이에스프라자)",051-702-2625,129.1818111,35.1743048
406,선프라자약국,부산해운대구,"부산광역시 해운대구 마린시티3로 1, 310호 (우동, 선프라자)",051-917-8559,129.1475625,35.1580154
407,비타민약국,부산북구,"부산광역시 북구 금곡대로 224, (화명동)",051-361-0553,129.1797386,35.1679606
408,비타민약국,부산해운대구,"부산광역시 해운대구 세실로 30, 106호 (좌동, 경동지플러스상가)",051-702-9108,129.1797386,35.1679606
409,비타민약국,부산강서구,"부산광역시 강서구 명지국제8로 259, 103호 (명지동)",051-271-3678,129.1797386,35.1679606
410,비타민약국,부산사상구,"부산광역시 사상구 학감대로 120, (학장동)",051-312-9131,129.1797386,35.1679606
411,비타민약국,부산동래구,"부산광역시 동래구 충렬대로 222, 1층 (수안동)",051-558-9333,129.1797386,35.1679606
412,약손약국,부산해운대구,"부산광역시 해운대구 좌동순환로 173, 107호 (좌동, 영풍프라자)",051-703-0046,129.1752749,35.1781714
413,동진약국,부산해운대구,"부산광역시 해운대구 반여로 131, 113호 (반여동, 프레스센터상가)",051-527-6621,129.1234496,35.2034393
414,친절약국,부산해운대구,"부산광역시 해운대구 선수촌로 64, (반여동)",051-526-1109,129.1189658,35.1993177
415,해운메디약국,부산해운대구,"부산광역시 해운대구 해운대로 602, 102호 (우동)",051-746-8831,129.1572157,35.162224
416,경희오름한약국,부산해운대구,"부산광역시 해운대구 대천로 104, 103호 (좌동)",051-703-5675,129.173746,35.1745907
417,재송약국,부산해운대구,"부산광역시 해운대구 재반로 82, 1층 2호 (재송동, 장안빌딩)",051-781-5050,129.1257818,35.1860019
418,새열린약국,부산해운대구,"부산광역시 해운대구 좌동순환로 275, 상가동 106호 (좌동, 대우2차아파트)",051-704-7533,129.1833314,35.172225
419,아이맘약국,부산해운대구,"부산광역시 해운대구 해운대로 794, 엘리움 701호 (좌동)",051-930-0888,129.1757451,35.168815
420,이레약국,부산해운대구,"부산광역시 해운대구 재반로 116, 102호 (재송동)",051-782-2001,129.1268114,35.1886612
421,대림팜약국,부산해운대구,"부산광역시 해운대구 재반로 72, 1층 일부호 (재송동)",051-784-0181,129.1261903,35.1852021
422,1층약국,부산해운대구,"부산광역시 해운대구 해운대로 794, 엘리움 107호 (좌동)",051-930-0617,129.1757451,35.168815
423,큰솔약국,부산해운대구,"부산광역시 해운대구 해운대로 600, 1층 (우동)",051-791-1190,129.1569856,35.1622907
424,해운대신대학약국,부산해운대구,"부산광역시 해운대구 좌동순환로 247, (좌동)",051-702-2486,129.1811618,35.1737755
425,센텀맑은약국,부산해운대구,"부산광역시 해운대구 센텀남대로 50, 103호 (우동, 센텀임페리얼타워)",746-1229,129.1313001,35.1681037
426,센텀홍은약국,부산해운대구,"부산광역시 해운대구 센텀2로 10, 1층 (우동, 센텀메디칼센터)",051-746-1131,129.1315304,35.1678325
427,신국제약국,부산해운대구,"부산광역시 해운대구 좌동순환로 402, 110동 105호 (중동, 래미안해운대)",051-746-9593,129.1765214,35.1636159
428,덕인약국,부산해운대구,"부산광역시 해운대구 우동2로 16, (우동)",051-747-8589,129.160493,35.1661551
429,롯데화인약국,부산해운대구,"부산광역시 해운대구 양운로 82, (좌동, 화인크리닉센터 102호)",704-3600,129.1755732,35.1704651
430,하늘온누리약국,부산해운대구,"부산광역시 해운대구 재반로 221-1, 1층 (반여동)",051-912-4242,129.1308247,35.1971196
431,센텀편안한약국,부산해운대구,"부산광역시 해운대구 센텀북대로 60, 103호 (재송동, 센텀아이에스타워)",784-1529,129.1253774,35.1766639
